team_number,hero_1,hero_2,hero_3,hero_4,hero_5,hero_6,enhancement_details
1,Adam Warlock,Angela,Black Panther,Star-Lord,Storm,Thor,Adam Warlock <- Storm; Angela <- Star-Lord; Black Panther <- Storm; Star-Lord <- Adam Warlock; Storm <- Thor; Thor <- Angela
2,Adam Warlock,Angela,Captain America,Star-Lord,Storm,Thor,Adam Warlock <- Storm; Angela <- Star-Lord; Captain America <- Thor; Star-Lord <- Adam Warlock; Storm <- Thor; Thor <- Angela
3,Adam Warlock,Angela,Human Torch,Star-Lord,Storm,Thor,Adam Warlock <- Storm; Angela <- Star-Lord; Human Torch <- Storm; Star-Lord <- Adam Warlock; Storm <- Thor; Thor <- Angela
4,Adam Warlock,Angela,Iron Man,Star-Lord,Storm,Thor,Adam Warlock <- Storm; Angela <- Star-Lord; Iron Man <- Thor; Star-Lord <- Adam Warlock; Storm <- Thor; Thor <- Angela
5,Adam Warlock,Angela,Iron Man,Star-Lord,Thor,Ultron,Adam Warlock <- Ultron; Angela <- Star-Lord; Iron Man <- Thor; Star-Lord <- Adam Warlock; Thor <- Angela; Ultron <- Iron Man
6,Adam Warlock,Angela,Loki,Mantis,Storm,Thor,Adam Warlock <- Storm; Angela <- Loki; Loki <- Mantis; Mantis <- Adam Warlock; Storm <- Thor; Thor <- Angela
7,Adam Warlock,Angela,Luna Snow,Star-Lord,Storm,Thor,Adam Warlock <- Storm; Angela <- Star-Lord; Luna Snow <- Adam Warlock; Star-Lord <- Adam Warlock; Storm <- Thor; Thor <- Angela
8,Adam Warlock,Angela,Mantis,Star-Lord,Storm,Thor,"Adam Warlock <- Storm; Angela <- Star-Lord; Mantis <- Adam Warlock, Star-Lord; Star-Lord <- Adam Warlock; Storm <- Thor; Thor <- Angela"
9,Adam Warlock,Groot,Mantis,Peni Parker,Rocket Raccoon,Ultron,Adam Warlock <- Ultron; Groot <- Mantis; Mantis <- Adam Warlock; Peni Parker <- Rocket Raccoon; Rocket Raccoon <- Groot; Ultron <- Peni Parker
10,Adam Warlock,Hela,Jeff the Land Shark,Phoenix,Storm,Venom,Adam Warlock <- Storm; Hela <- Venom; Jeff the Land Shark <- Venom; Phoenix <- Hela; Storm <- Jeff the Land Shark; Venom <- Phoenix
11,Adam Warlock,Hela,Luna Snow,Namor,Storm,Thor,Adam Warlock <- Storm; Hela <- Namor; Luna Snow <- Adam Warlock; Namor <- Luna Snow; Storm <- Thor; Thor <- Hela
12,Adam Warlock,Hela,Phoenix,Storm,Thor,Venom,Adam Warlock <- Storm; Hela <- Venom; Phoenix <- Hela; Storm <- Thor; Thor <- Hela; Venom <- Phoenix
13,Adam Warlock,Peni Parker,Rocket Raccoon,Spider-Man,Squirrel Girl,Ultron,Adam Warlock <- Ultron; Peni Parker <- Rocket Raccoon; Rocket Raccoon <- Squirrel Girl; Spider-Man <- Peni Parker; Squirrel Girl <- Spider-Man; Ultron <- Peni Parker
14,Angela,Black Widow,Hela,Loki,Phoenix,Venom,Angela <- Loki; Black Widow <- Phoenix; Hela <- Venom; Loki <- Hela; Phoenix <- Hela; Venom <- Phoenix
15,Angela,Captain America,Groot,Mantis,Star-Lord,Thor,Angela <- Star-Lord; Captain America <- Thor; Groot <- Mantis; Mantis <- Star-Lord; Star-Lord <- Groot; Thor <- Angela
16,Angela,Cyclops,Hela,Loki,Phoenix,Venom,Angela <- Loki; Cyclops <- Phoenix; Hela <- Venom; Loki <- Hela; Phoenix <- Hela; Venom <- Phoenix
17,Angela,Deadpool,Hela,Loki,Phoenix,Venom,Angela <- Loki; Deadpool <- Hela; Hela <- Venom; Loki <- Hela; Phoenix <- Hela; Venom <- Phoenix
18,Angela,Emma Frost,Groot,Loki,Mantis,Star-Lord,"Angela <- Loki, Star-Lord; Emma Frost <- Mantis; Groot <- Mantis; Loki <- Mantis; Mantis <- Star-Lord; Star-Lord <- Groot"
19,Angela,Emma Frost,Groot,Magneto,Mantis,Star-Lord,Angela <- Star-Lord; Emma Frost <- Mantis; Groot <- Mantis; Magneto <- Emma Frost; Mantis <- Star-Lord; Star-Lord <- Groot
20,Angela,Emma Frost,Groot,Mantis,Psylocke,Star-Lord,Angela <- Star-Lord; Emma Frost <- Mantis; Groot <- Mantis; Mantis <- Star-Lord; Psylocke <- Emma Frost; Star-Lord <- Groot
21,Angela,Emma Frost,Groot,Mantis,Rocket Raccoon,Star-Lord,Angela <- Star-Lord; Emma Frost <- Mantis; Groot <- Mantis; Mantis <- Star-Lord; Rocket Raccoon <- Groot; Star-Lord <- Groot
22,Angela,Emma Frost,Groot,Mantis,Star-Lord,Thor,Angela <- Star-Lord; Emma Frost <- Mantis; Groot <- Mantis; Mantis <- Star-Lord; Star-Lord <- Groot; Thor <- Angela
23,Angela,Gorr the God Butcher,Hela,Loki,Phoenix,Venom,"Angela <- Loki; Gorr the God Butcher <- Hela, Venom; Hela <- Venom; Loki <- Hela; Phoenix <- Hela; Venom <- Phoenix"
24,Angela,Groot,Iron Man,Mantis,Star-Lord,Thor,Angela <- Star-Lord; Groot <- Mantis; Iron Man <- Thor; Mantis <- Star-Lord; Star-Lord <- Groot; Thor <- Angela
25,Angela,Groot,Loki,Mantis,Rocket Raccoon,Star-Lord,"Angela <- Loki, Star-Lord; Groot <- Mantis; Loki <- Mantis; Mantis <- Star-Lord; Rocket Raccoon <- Groot; Star-Lord <- Groot"
26,Angela,Groot,Loki,Mantis,Star-Lord,Thor,"Angela <- Loki, Star-Lord; Groot <- Mantis; Loki <- Mantis; Mantis <- Star-Lord; Star-Lord <- Groot; Thor <- Angela"
27,Angela,Groot,Mantis,Mister Fantastic,Rocket Raccoon,Star-Lord,Angela <- Star-Lord; Groot <- Mantis; Mantis <- Star-Lord; Mister Fantastic <- Rocket Raccoon; Rocket Raccoon <- Groot; Star-Lord <- Groot
28,Angela,Groot,Mantis,Peni Parker,Rocket Raccoon,Star-Lord,Angela <- Star-Lord; Groot <- Mantis; Mantis <- Star-Lord; Peni Parker <- Rocket Raccoon; Rocket Raccoon <- Groot; Star-Lord <- Groot
29,Angela,Groot,Mantis,Rocket Raccoon,Star-Lord,The Punisher,Angela <- Star-Lord; Groot <- Mantis; Mantis <- Star-Lord; Rocket Raccoon <- Groot; Star-Lord <- Groot; The Punisher <- Rocket Raccoon
30,Angela,Groot,Mantis,Rocket Raccoon,Star-Lord,Thor,Angela <- Star-Lord; Groot <- Mantis; Mantis <- Star-Lord; Rocket Raccoon <- Groot; Star-Lord <- Groot; Thor <- Angela
31,Angela,Groot,Mantis,Star-Lord,Storm,Thor,Angela <- Star-Lord; Groot <- Mantis; Mantis <- Star-Lord; Star-Lord <- Groot; Storm <- Thor; Thor <- Angela
32,Angela,Hela,Jeff the Land Shark,Loki,Phoenix,Venom,Angela <- Loki; Hela <- Venom; Jeff the Land Shark <- Venom; Loki <- Hela; Phoenix <- Hela; Venom <- Phoenix
33,Angela,Hela,Loki,Phoenix,Spider-Man,Venom,Angela <- Loki; Hela <- Venom; Loki <- Hela; Phoenix <- Hela; Spider-Man <- Venom; Venom <- Phoenix
34,Angela,Hela,Loki,Phoenix,Thor,Venom,"Angela <- Loki; Hela <- Venom; Loki <- Hela; Phoenix <- Hela; Thor <- Angela, Hela; Venom <- Phoenix"
35,Black Cat,Black Panther,Cloak & Dagger,Magik,Moon Knight,The Hood,Black Cat <- Black Panther; Black Panther <- Magik; Cloak & Dagger <- The Hood; Magik <- The Hood; Moon Knight <- Cloak & Dagger; The Hood <- Moon Knight
36,Black Cat,Black Panther,Jubilee,Magik,Scarlet Witch,The Hood,Black Cat <- Black Panther; Black Panther <- Magik; Jubilee <- The Hood; Magik <- The Hood; Scarlet Witch <- Jubilee; The Hood <- Scarlet Witch
37,Black Cat,Black Widow,Hela,Phoenix,Spider-Man,Venom,Black Cat <- Spider-Man; Black Widow <- Phoenix; Hela <- Venom; Phoenix <- Hela; Spider-Man <- Venom; Venom <- Phoenix
38,Black Cat,Cyclops,Hela,Phoenix,Spider-Man,Venom,Black Cat <- Spider-Man; Cyclops <- Phoenix; Hela <- Venom; Phoenix <- Hela; Spider-Man <- Venom; Venom <- Phoenix
39,Black Cat,Deadpool,Hela,Phoenix,Spider-Man,Venom,Black Cat <- Spider-Man; Deadpool <- Hela; Hela <- Venom; Phoenix <- Hela; Spider-Man <- Venom; Venom <- Phoenix
40,Black Cat,Gorr the God Butcher,Hela,Phoenix,Spider-Man,Venom,"Black Cat <- Spider-Man; Gorr the God Butcher <- Hela, Venom; Hela <- Venom; Phoenix <- Hela; Spider-Man <- Venom; Venom <- Phoenix"
41,Black Cat,Hela,Jeff the Land Shark,Phoenix,Spider-Man,Venom,Black Cat <- Spider-Man; Hela <- Venom; Jeff the Land Shark <- Venom; Phoenix <- Hela; Spider-Man <- Venom; Venom <- Phoenix
42,Black Cat,Hela,Loki,Phoenix,Spider-Man,Venom,Black Cat <- Spider-Man; Hela <- Venom; Loki <- Hela; Phoenix <- Hela; Spider-Man <- Venom; Venom <- Phoenix
43,Black Cat,Hela,Phoenix,Spider-Man,Squirrel Girl,Venom,Black Cat <- Spider-Man; Hela <- Venom; Phoenix <- Hela; Spider-Man <- Venom; Squirrel Girl <- Spider-Man; Venom <- Phoenix
44,Black Cat,Hela,Phoenix,Spider-Man,Thor,Venom,Black Cat <- Spider-Man; Hela <- Venom; Phoenix <- Hela; Spider-Man <- Venom; Thor <- Hela; Venom <- Phoenix
45,Black Cat,Hela,Phoenix,Spider-Man,Venom,White Fox,Black Cat <- Spider-Man; Hela <- Venom; Phoenix <- Hela; Spider-Man <- Venom; Venom <- Phoenix; White Fox <- Black Cat
46,Black Cat,Mister Fantastic,Peni Parker,Rocket Raccoon,Spider-Man,Squirrel Girl,Black Cat <- Spider-Man; Mister Fantastic <- Rocket Raccoon; Peni Parker <- Rocket Raccoon; Rocket Raccoon <- Squirrel Girl; Spider-Man <- Peni Parker; Squirrel Girl <- Spider-Man
47,Black Cat,Peni Parker,Rocket Raccoon,Spider-Man,Squirrel Girl,The Punisher,Black Cat <- Spider-Man; Peni Parker <- Rocket Raccoon; Rocket Raccoon <- Squirrel Girl; Spider-Man <- Peni Parker; Squirrel Girl <- Spider-Man; The Punisher <- Rocket Raccoon
48,Black Cat,Peni Parker,Rocket Raccoon,Spider-Man,Squirrel Girl,Ultron,Black Cat <- Spider-Man; Peni Parker <- Rocket Raccoon; Rocket Raccoon <- Squirrel Girl; Spider-Man <- Peni Parker; Squirrel Girl <- Spider-Man; Ultron <- Peni Parker
49,Black Cat,Peni Parker,Rocket Raccoon,Spider-Man,Squirrel Girl,White Fox,Black Cat <- Spider-Man; Peni Parker <- Rocket Raccoon; Rocket Raccoon <- Squirrel Girl; Spider-Man <- Peni Parker; Squirrel Girl <- Spider-Man; White Fox <- Black Cat
50,Black Panther,Blade,Cloak & Dagger,Magik,Moon Knight,The Hood,Black Panther <- Magik; Blade <- Moon Knight; Cloak & Dagger <- The Hood; Magik <- The Hood; Moon Knight <- Cloak & Dagger; The Hood <- Moon Knight
51,Black Panther,Cloak & Dagger,Hawkeye,Magik,Moon Knight,The Hood,Black Panther <- Magik; Cloak & Dagger <- The Hood; Hawkeye <- Cloak & Dagger; Magik <- The Hood; Moon Knight <- Cloak & Dagger; The Hood <- Moon Knight
52,Black Panther,Cloak & Dagger,Jubilee,Magik,Moon Knight,The Hood,Black Panther <- Magik; Cloak & Dagger <- The Hood; Jubilee <- The Hood; Magik <- The Hood; Moon Knight <- Cloak & Dagger; The Hood <- Moon Knight
53,Black Panther,Cloak & Dagger,Jubilee,Magik,Scarlet Witch,The Hood,Black Panther <- Magik; Cloak & Dagger <- The Hood; Jubilee <- The Hood; Magik <- The Hood; Scarlet Witch <- Jubilee; The Hood <- Scarlet Witch
54,Black Panther,Cloak & Dagger,Magik,Moon Knight,Peni Parker,The Hood,Black Panther <- Magik; Cloak & Dagger <- The Hood; Magik <- The Hood; Moon Knight <- Cloak & Dagger; Peni Parker <- Black Panther; The Hood <- Moon Knight
55,Black Panther,Cloak & Dagger,Magik,Moon Knight,Psylocke,The Hood,Black Panther <- Magik; Cloak & Dagger <- The Hood; Magik <- The Hood; Moon Knight <- Cloak & Dagger; Psylocke <- Cloak & Dagger; The Hood <- Moon Knight
56,Black Panther,Doctor Strange,Invisible Woman,Magik,Mister Fantastic,The Thing,Black Panther <- Magik; Doctor Strange <- Invisible Woman; Invisible Woman <- Mister Fantastic; Magik <- Doctor Strange; Mister Fantastic <- The Thing; The Thing <- Invisible Woman
57,Black Panther,Gambit,Jubilee,Magik,Scarlet Witch,The Hood,Black Panther <- Magik; Gambit <- Jubilee; Jubilee <- The Hood; Magik <- The Hood; Scarlet Witch <- Jubilee; The Hood <- Scarlet Witch
58,Black Panther,Hela,Jeff the Land Shark,Phoenix,Storm,Venom,Black Panther <- Storm; Hela <- Venom; Jeff the Land Shark <- Venom; Phoenix <- Hela; Storm <- Jeff the Land Shark; Venom <- Phoenix
59,Black Panther,Hela,Phoenix,Storm,Thor,Venom,Black Panther <- Storm; Hela <- Venom; Phoenix <- Hela; Storm <- Thor; Thor <- Hela; Venom <- Phoenix
60,Black Panther,Human Torch,Jubilee,Magik,Scarlet Witch,The Hood,Black Panther <- Magik; Human Torch <- Jubilee; Jubilee <- The Hood; Magik <- The Hood; Scarlet Witch <- Jubilee; The Hood <- Scarlet Witch
61,Black Panther,Jubilee,Magik,Magneto,Scarlet Witch,The Hood,Black Panther <- Magik; Jubilee <- The Hood; Magik <- The Hood; Magneto <- Scarlet Witch; Scarlet Witch <- Jubilee; The Hood <- Scarlet Witch
62,Black Panther,Jubilee,Magik,Peni Parker,Scarlet Witch,The Hood,Black Panther <- Magik; Jubilee <- The Hood; Magik <- The Hood; Peni Parker <- Black Panther; Scarlet Witch <- Jubilee; The Hood <- Scarlet Witch
63,Black Widow,Blade,Cloak & Dagger,Hawkeye,Moon Knight,The Hood,Black Widow <- Hawkeye; Blade <- Moon Knight; Cloak & Dagger <- The Hood; Hawkeye <- Cloak & Dagger; Moon Knight <- Cloak & Dagger; The Hood <- Moon Knight
64,Black Widow,Captain America,Hela,Phoenix,Thor,Venom,Black Widow <- Phoenix; Captain America <- Thor; Hela <- Venom; Phoenix <- Hela; Thor <- Hela; Venom <- Phoenix
65,Black Widow,Cloak & Dagger,Daredevil,Hawkeye,Moon Knight,The Hood,Black Widow <- Hawkeye; Cloak & Dagger <- The Hood; Daredevil <- Black Widow; Hawkeye <- Cloak & Dagger; Moon Knight <- Cloak & Dagger; The Hood <- Moon Knight
66,Black Widow,Cloak & Dagger,Hawkeye,Jubilee,Moon Knight,The Hood,Black Widow <- Hawkeye; Cloak & Dagger <- The Hood; Hawkeye <- Cloak & Dagger; Jubilee <- The Hood; Moon Knight <- Cloak & Dagger; The Hood <- Moon Knight
67,Black Widow,Cloak & Dagger,Hawkeye,Jubilee,Scarlet Witch,The Hood,Black Widow <- Hawkeye; Cloak & Dagger <- The Hood; Hawkeye <- Cloak & Dagger; Jubilee <- The Hood; Scarlet Witch <- Jubilee; The Hood <- Scarlet Witch
68,Black Widow,Cloak & Dagger,Hawkeye,Luna Snow,Psylocke,White Fox,"Black Widow <- Hawkeye; Cloak & Dagger <- Luna Snow; Hawkeye <- Cloak & Dagger, Psylocke; Luna Snow <- White Fox; Psylocke <- Cloak & Dagger; White Fox <- Psylocke"
69,Black Widow,Cloak & Dagger,Hawkeye,Magik,Moon Knight,The Hood,Black Widow <- Hawkeye; Cloak & Dagger <- The Hood; Hawkeye <- Cloak & Dagger; Magik <- The Hood; Moon Knight <- Cloak & Dagger; The Hood <- Moon Knight
70,Black Widow,Cloak & Dagger,Hawkeye,Moon Knight,Psylocke,The Hood,"Black Widow <- Hawkeye; Cloak & Dagger <- The Hood; Hawkeye <- Cloak & Dagger, Psylocke; Moon Knight <- Cloak & Dagger; Psylocke <- Cloak & Dagger; The Hood <- Moon Knight"
71,Black Widow,Cyclops,Daredevil,Hela,Phoenix,Venom,Black Widow <- Phoenix; Cyclops <- Phoenix; Daredevil <- Black Widow; Hela <- Venom; Phoenix <- Hela; Venom <- Phoenix
72,Black Widow,Cyclops,Deadpool,Hela,Phoenix,Venom,Black Widow <- Phoenix; Cyclops <- Phoenix; Deadpool <- Hela; Hela <- Venom; Phoenix <- Hela; Venom <- Phoenix
73,Black Widow,Cyclops,Gorr the God Butcher,Hela,Phoenix,Venom,"Black Widow <- Phoenix; Cyclops <- Phoenix; Gorr the God Butcher <- Hela, Venom; Hela <- Venom; Phoenix <- Hela; Venom <- Phoenix"
74,Black Widow,Cyclops,Hela,Jeff the Land Shark,Phoenix,Venom,Black Widow <- Phoenix; Cyclops <- Phoenix; Hela <- Venom; Jeff the Land Shark <- Venom; Phoenix <- Hela; Venom <- Phoenix
75,Black Widow,Cyclops,Hela,Loki,Phoenix,Venom,Black Widow <- Phoenix; Cyclops <- Phoenix; Hela <- Venom; Loki <- Hela; Phoenix <- Hela; Venom <- Phoenix
76,Black Widow,Cyclops,Hela,Phoenix,Spider-Man,Venom,Black Widow <- Phoenix; Cyclops <- Phoenix; Hela <- Venom; Phoenix <- Hela; Spider-Man <- Venom; Venom <- Phoenix
77,Black Widow,Cyclops,Hela,Phoenix,Thor,Venom,Black Widow <- Phoenix; Cyclops <- Phoenix; Hela <- Venom; Phoenix <- Hela; Thor <- Hela; Venom <- Phoenix
78,Black Widow,Cyclops,Hela,Phoenix,Venom,Wolverine,Black Widow <- Phoenix; Cyclops <- Phoenix; Hela <- Venom; Phoenix <- Hela; Venom <- Phoenix; Wolverine <- Cyclops
79,Black Widow,Daredevil,Deadpool,Hela,Phoenix,Venom,Black Widow <- Phoenix; Daredevil <- Black Widow; Deadpool <- Hela; Hela <- Venom; Phoenix <- Hela; Venom <- Phoenix
80,Black Widow,Daredevil,Gorr the God Butcher,Hela,Phoenix,Venom,"Black Widow <- Phoenix; Daredevil <- Black Widow; Gorr the God Butcher <- Hela, Venom; Hela <- Venom; Phoenix <- Hela; Venom <- Phoenix"
81,Black Widow,Daredevil,Hela,Jeff the Land Shark,Phoenix,Venom,Black Widow <- Phoenix; Daredevil <- Black Widow; Hela <- Venom; Jeff the Land Shark <- Venom; Phoenix <- Hela; Venom <- Phoenix
82,Black Widow,Daredevil,Hela,Loki,Phoenix,Venom,Black Widow <- Phoenix; Daredevil <- Black Widow; Hela <- Venom; Loki <- Hela; Phoenix <- Hela; Venom <- Phoenix
83,Black Widow,Daredevil,Hela,Phoenix,Spider-Man,Venom,Black Widow <- Phoenix; Daredevil <- Black Widow; Hela <- Venom; Phoenix <- Hela; Spider-Man <- Venom; Venom <- Phoenix
84,Black Widow,Daredevil,Hela,Phoenix,The Punisher,Venom,Black Widow <- Phoenix; Daredevil <- Black Widow; Hela <- Venom; Phoenix <- Hela; The Punisher <- Daredevil; Venom <- Phoenix
85,Black Widow,Daredevil,Hela,Phoenix,Thor,Venom,Black Widow <- Phoenix; Daredevil <- Black Widow; Hela <- Venom; Phoenix <- Hela; Thor <- Hela; Venom <- Phoenix
86,Black Widow,Deadpool,Elsa Bloodstone,Hela,Phoenix,Venom,Black Widow <- Phoenix; Deadpool <- Hela; Elsa Bloodstone <- Deadpool; Hela <- Venom; Phoenix <- Hela; Venom <- Phoenix
87,Black Widow,Deadpool,Gorr the God Butcher,Hela,Phoenix,Venom,"Black Widow <- Phoenix; Deadpool <- Hela; Gorr the God Butcher <- Hela, Venom; Hela <- Venom; Phoenix <- Hela; Venom <- Phoenix"
88,Black Widow,Deadpool,Hela,Jeff the Land Shark,Phoenix,Venom,"Black Widow <- Phoenix; Deadpool <- Hela; Hela <- Venom; Jeff the Land Shark <- Deadpool, Venom; Phoenix <- Hela; Venom <- Phoenix"
89,Black Widow,Deadpool,Hela,Loki,Phoenix,Venom,Black Widow <- Phoenix; Deadpool <- Hela; Hela <- Venom; Loki <- Hela; Phoenix <- Hela; Venom <- Phoenix
90,Black Widow,Deadpool,Hela,Phoenix,Spider-Man,Venom,Black Widow <- Phoenix; Deadpool <- Hela; Hela <- Venom; Phoenix <- Hela; Spider-Man <- Venom; Venom <- Phoenix
91,Black Widow,Deadpool,Hela,Phoenix,Thor,Venom,Black Widow <- Phoenix; Deadpool <- Hela; Hela <- Venom; Phoenix <- Hela; Thor <- Hela; Venom <- Phoenix
92,Black Widow,Devil Dinosaur,Hela,Jeff the Land Shark,Phoenix,Venom,Black Widow <- Phoenix; Devil Dinosaur <- Jeff the Land Shark; Hela <- Venom; Jeff the Land Shark <- Venom; Phoenix <- Hela; Venom <- Phoenix
93,Black Widow,Emma Frost,Hawkeye,Luna Snow,Psylocke,White Fox,Black Widow <- Hawkeye; Emma Frost <- Luna Snow; Hawkeye <- Psylocke; Luna Snow <- White Fox; Psylocke <- Emma Frost; White Fox <- Psylocke
94,Black Widow,Gorr the God Butcher,Hela,Jeff the Land Shark,Phoenix,Venom,"Black Widow <- Phoenix; Gorr the God Butcher <- Hela, Venom; Hela <- Venom; Jeff the Land Shark <- Venom; Phoenix <- Hela; Venom <- Phoenix"
95,Black Widow,Gorr the God Butcher,Hela,Loki,Phoenix,Venom,"Black Widow <- Phoenix; Gorr the God Butcher <- Hela, Venom; Hela <- Venom; Loki <- Hela; Phoenix <- Hela; Venom <- Phoenix"
96,Black Widow,Gorr the God Butcher,Hela,Phoenix,Spider-Man,Venom,"Black Widow <- Phoenix; Gorr the God Butcher <- Hela, Venom; Hela <- Venom; Phoenix <- Hela; Spider-Man <- Venom; Venom <- Phoenix"
97,Black Widow,Gorr the God Butcher,Hela,Phoenix,Thor,Venom,"Black Widow <- Phoenix; Gorr the God Butcher <- Hela, Venom; Hela <- Venom; Phoenix <- Hela; Thor <- Hela; Venom <- Phoenix"
98,Black Widow,Groot,Hela,Jeff the Land Shark,Phoenix,Venom,Black Widow <- Phoenix; Groot <- Jeff the Land Shark; Hela <- Venom; Jeff the Land Shark <- Venom; Phoenix <- Hela; Venom <- Phoenix
99,Black Widow,Hela,Iron Man,Phoenix,Thor,Venom,Black Widow <- Phoenix; Hela <- Venom; Iron Man <- Thor; Phoenix <- Hela; Thor <- Hela; Venom <- Phoenix
100,Black Widow,Hela,Jeff the Land Shark,Loki,Phoenix,Venom,Black Widow <- Phoenix; Hela <- Venom; Jeff the Land Shark <- Venom; Loki <- Hela; Phoenix <- Hela; Venom <- Phoenix
101,Black Widow,Hela,Jeff the Land Shark,Phoenix,Spider-Man,Venom,Black Widow <- Phoenix; Hela <- Venom; Jeff the Land Shark <- Venom; Phoenix <- Hela; Spider-Man <- Venom; Venom <- Phoenix
102,Black Widow,Hela,Jeff the Land Shark,Phoenix,Storm,Venom,Black Widow <- Phoenix; Hela <- Venom; Jeff the Land Shark <- Venom; Phoenix <- Hela; Storm <- Jeff the Land Shark; Venom <- Phoenix
103,Black Widow,Hela,Jeff the Land Shark,Phoenix,Thor,Venom,Black Widow <- Phoenix; Hela <- Venom; Jeff the Land Shark <- Venom; Phoenix <- Hela; Thor <- Hela; Venom <- Phoenix
104,Black Widow,Hela,Loki,Phoenix,Spider-Man,Venom,Black Widow <- Phoenix; Hela <- Venom; Loki <- Hela; Phoenix <- Hela; Spider-Man <- Venom; Venom <- Phoenix
105,Black Widow,Hela,Loki,Phoenix,Thor,Venom,Black Widow <- Phoenix; Hela <- Venom; Loki <- Hela; Phoenix <- Hela; Thor <- Hela; Venom <- Phoenix
106,Black Widow,Hela,Phoenix,Spider-Man,Squirrel Girl,Venom,Black Widow <- Phoenix; Hela <- Venom; Phoenix <- Hela; Spider-Man <- Venom; Squirrel Girl <- Spider-Man; Venom <- Phoenix
107,Black Widow,Hela,Phoenix,Spider-Man,Thor,Venom,Black Widow <- Phoenix; Hela <- Venom; Phoenix <- Hela; Spider-Man <- Venom; Thor <- Hela; Venom <- Phoenix
108,Black Widow,Hela,Phoenix,Storm,Thor,Venom,Black Widow <- Phoenix; Hela <- Venom; Phoenix <- Hela; Storm <- Thor; Thor <- Hela; Venom <- Phoenix
109,Blade,Captain America,Deadpool,Hela,Thor,Venom,Blade <- Captain America; Captain America <- Thor; Deadpool <- Hela; Hela <- Venom; Thor <- Hela; Venom <- Blade
110,Blade,Captain America,Gorr the God Butcher,Hela,Thor,Venom,"Blade <- Captain America; Captain America <- Thor; Gorr the God Butcher <- Hela, Venom; Hela <- Venom; Thor <- Hela; Venom <- Blade"
111,Blade,Captain America,Hela,Hulk,Namor,Thor,Blade <- Captain America; Captain America <- Thor; Hela <- Namor; Hulk <- Captain America; Namor <- Hulk; Thor <- Hela
112,Blade,Captain America,Hela,Hulk,Thor,Venom,Blade <- Captain America; Captain America <- Thor; Hela <- Venom; Hulk <- Captain America; Thor <- Hela; Venom <- Blade
113,Blade,Captain America,Hela,Iron Man,Thor,Venom,Blade <- Captain America; Captain America <- Thor; Hela <- Venom; Iron Man <- Thor; Thor <- Hela; Venom <- Blade
114,Blade,Captain America,Hela,Jeff the Land Shark,Thor,Venom,Blade <- Captain America; Captain America <- Thor; Hela <- Venom; Jeff the Land Shark <- Venom; Thor <- Hela; Venom <- Blade
115,Blade,Captain America,Hela,Jubilee,Thor,Venom,Blade <- Captain America; Captain America <- Thor; Hela <- Venom; Jubilee <- Blade; Thor <- Hela; Venom <- Blade
116,Blade,Captain America,Hela,Loki,Thor,Venom,Blade <- Captain America; Captain America <- Thor; Hela <- Venom; Loki <- Hela; Thor <- Hela; Venom <- Blade
117,Blade,Captain America,Hela,Phoenix,Thor,Venom,"Blade <- Captain America; Captain America <- Thor; Hela <- Venom; Phoenix <- Hela; Thor <- Hela; Venom <- Blade, Phoenix"
118,Blade,Captain America,Hela,Spider-Man,Thor,Venom,Blade <- Captain America; Captain America <- Thor; Hela <- Venom; Spider-Man <- Venom; Thor <- Hela; Venom <- Blade
119,Blade,Captain America,Hela,Storm,Thor,Venom,Blade <- Captain America; Captain America <- Thor; Hela <- Venom; Storm <- Thor; Thor <- Hela; Venom <- Blade
120,Blade,Cloak & Dagger,Gambit,Jubilee,Moon Knight,The Hood,"Blade <- Moon Knight; Cloak & Dagger <- The Hood; Gambit <- Jubilee; Jubilee <- Blade, The Hood; Moon Knight <- Cloak & Dagger; The Hood <- Moon Knight"
121,Blade,Cloak & Dagger,Gorr the God Butcher,Moon Knight,The Hood,Venom,Blade <- Moon Knight; Cloak & Dagger <- The Hood; Gorr the God Butcher <- Venom; Moon Knight <- Cloak & Dagger; The Hood <- Moon Knight; Venom <- Blade
122,Blade,Cloak & Dagger,Hawkeye,Jubilee,Moon Knight,The Hood,"Blade <- Moon Knight; Cloak & Dagger <- The Hood; Hawkeye <- Cloak & Dagger; Jubilee <- Blade, The Hood; Moon Knight <- Cloak & Dagger; The Hood <- Moon Knight"
123,Blade,Cloak & Dagger,Hawkeye,Magik,Moon Knight,The Hood,Blade <- Moon Knight; Cloak & Dagger <- The Hood; Hawkeye <- Cloak & Dagger; Magik <- The Hood; Moon Knight <- Cloak & Dagger; The Hood <- Moon Knight
124,Blade,Cloak & Dagger,Hawkeye,Moon Knight,Psylocke,The Hood,"Blade <- Moon Knight; Cloak & Dagger <- The Hood; Hawkeye <- Cloak & Dagger, Psylocke; Moon Knight <- Cloak & Dagger; Psylocke <- Cloak & Dagger; The Hood <- Moon Knight"
125,Blade,Cloak & Dagger,Hawkeye,Moon Knight,The Hood,Venom,Blade <- Moon Knight; Cloak & Dagger <- The Hood; Hawkeye <- Cloak & Dagger; Moon Knight <- Cloak & Dagger; The Hood <- Moon Knight; Venom <- Blade
126,Blade,Cloak & Dagger,Hela,Moon Knight,The Hood,Venom,Blade <- Moon Knight; Cloak & Dagger <- The Hood; Hela <- Venom; Moon Knight <- Cloak & Dagger; The Hood <- Moon Knight; Venom <- Blade
127,Blade,Cloak & Dagger,Human Torch,Jubilee,Moon Knight,The Hood,"Blade <- Moon Knight; Cloak & Dagger <- The Hood; Human Torch <- Jubilee; Jubilee <- Blade, The Hood; Moon Knight <- Cloak & Dagger; The Hood <- Moon Knight"
128,Blade,Cloak & Dagger,Jeff the Land Shark,Moon Knight,The Hood,Venom,Blade <- Moon Knight; Cloak & Dagger <- The Hood; Jeff the Land Shark <- Venom; Moon Knight <- Cloak & Dagger; The Hood <- Moon Knight; Venom <- Blade
129,Blade,Cloak & Dagger,Jubilee,Magik,Moon Knight,The Hood,"Blade <- Moon Knight; Cloak & Dagger <- The Hood; Jubilee <- Blade, The Hood; Magik <- The Hood; Moon Knight <- Cloak & Dagger; The Hood <- Moon Knight"
130,Blade,Cloak & Dagger,Jubilee,Moon Knight,Psylocke,The Hood,"Blade <- Moon Knight; Cloak & Dagger <- The Hood; Jubilee <- Blade, The Hood; Moon Knight <- Cloak & Dagger; Psylocke <- Cloak & Dagger; The Hood <- Moon Knight"
131,Blade,Cloak & Dagger,Jubilee,Moon Knight,Scarlet Witch,The Hood,"Blade <- Moon Knight; Cloak & Dagger <- The Hood; Jubilee <- Blade, The Hood; Moon Knight <- Cloak & Dagger; Scarlet Witch <- Jubilee; The Hood <- Moon Knight, Scarlet Witch"
132,Blade,Cloak & Dagger,Jubilee,Moon Knight,The Hood,Venom,"Blade <- Moon Knight; Cloak & Dagger <- The Hood; Jubilee <- Blade, The Hood; Moon Knight <- Cloak & Dagger; The Hood <- Moon Knight; Venom <- Blade"
133,Blade,Cloak & Dagger,Luna Snow,Moon Knight,Psylocke,White Fox,Blade <- Moon Knight; Cloak & Dagger <- Luna Snow; Luna Snow <- White Fox; Moon Knight <- Cloak & Dagger; Psylocke <- Cloak & Dagger; White Fox <- Psylocke
134,Blade,Cloak & Dagger,Magik,Moon Knight,Psylocke,The Hood,Blade <- Moon Knight; Cloak & Dagger <- The Hood; Magik <- The Hood; Moon Knight <- Cloak & Dagger; Psylocke <- Cloak & Dagger; The Hood <- Moon Knight
135,Blade,Cloak & Dagger,Magik,Moon Knight,The Hood,Venom,Blade <- Moon Knight; Cloak & Dagger <- The Hood; Magik <- The Hood; Moon Knight <- Cloak & Dagger; The Hood <- Moon Knight; Venom <- Blade
136,Blade,Cloak & Dagger,Moon Knight,Psylocke,The Hood,Venom,Blade <- Moon Knight; Cloak & Dagger <- The Hood; Moon Knight <- Cloak & Dagger; Psylocke <- Cloak & Dagger; The Hood <- Moon Knight; Venom <- Blade
137,Blade,Cloak & Dagger,Moon Knight,Psylocke,The Hood,White Fox,Blade <- Moon Knight; Cloak & Dagger <- The Hood; Moon Knight <- Cloak & Dagger; Psylocke <- Cloak & Dagger; The Hood <- Moon Knight; White Fox <- Psylocke
138,Blade,Cloak & Dagger,Moon Knight,Spider-Man,The Hood,Venom,Blade <- Moon Knight; Cloak & Dagger <- The Hood; Moon Knight <- Cloak & Dagger; Spider-Man <- Venom; The Hood <- Moon Knight; Venom <- Blade
139,Blade,Deadpool,Elsa Bloodstone,Gambit,Jubilee,Moon Knight,Blade <- Moon Knight; Deadpool <- Gambit; Elsa Bloodstone <- Deadpool; Gambit <- Jubilee; Jubilee <- Blade; Moon Knight <- Elsa Bloodstone
140,Blade,Deadpool,Elsa Bloodstone,Hela,Moon Knight,Venom,Blade <- Moon Knight; Deadpool <- Hela; Elsa Bloodstone <- Deadpool; Hela <- Venom; Moon Knight <- Elsa Bloodstone; Venom <- Blade
141,Blade,Devil Dinosaur,Elsa Bloodstone,Jeff the Land Shark,Moon Knight,Venom,Blade <- Moon Knight; Devil Dinosaur <- Jeff the Land Shark; Elsa Bloodstone <- Devil Dinosaur; Jeff the Land Shark <- Venom; Moon Knight <- Elsa Bloodstone; Venom <- Blade
142,Captain America,Cyclops,Hela,Phoenix,Thor,Venom,Captain America <- Thor; Cyclops <- Phoenix; Hela <- Venom; Phoenix <- Hela; Thor <- Hela; Venom <- Phoenix
143,Captain America,Deadpool,Hela,Hulk,Namor,Thor,Captain America <- Thor; Deadpool <- Hela; Hela <- Namor; Hulk <- Captain America; Namor <- Hulk; Thor <- Hela
144,Captain America,Deadpool,Hela,Phoenix,Thor,Venom,Captain America <- Thor; Deadpool <- Hela; Hela <- Venom; Phoenix <- Hela; Thor <- Hela; Venom <- Phoenix
145,Captain America,Doctor Strange,Hela,Hulk,Namor,Thor,Captain America <- Thor; Doctor Strange <- Hulk; Hela <- Namor; Hulk <- Captain America; Namor <- Hulk; Thor <- Hela
146,Captain America,Gorr the God Butcher,Hela,Hulk,Namor,Thor,Captain America <- Thor; Gorr the God Butcher <- Hela; Hela <- Namor; Hulk <- Captain America; Namor <- Hulk; Thor <- Hela
147,Captain America,Gorr the God Butcher,Hela,Phoenix,Thor,Venom,"Captain America <- Thor; Gorr the God Butcher <- Hela, Venom; Hela <- Venom; Phoenix <- Hela; Thor <- Hela; Venom <- Phoenix"
148,Captain America,Hela,Hulk,Iron Man,Namor,Thor,"Captain America <- Thor; Hela <- Namor; Hulk <- Captain America; Iron Man <- Hulk, Thor; Namor <- Hulk; Thor <- Hela"
149,Captain America,Hela,Hulk,Loki,Namor,Thor,Captain America <- Thor; Hela <- Namor; Hulk <- Captain America; Loki <- Hela; Namor <- Hulk; Thor <- Hela
150,Captain America,Hela,Hulk,Namor,Phoenix,Thor,Captain America <- Thor; Hela <- Namor; Hulk <- Captain America; Namor <- Hulk; Phoenix <- Hela; Thor <- Hela
151,Captain America,Hela,Hulk,Namor,Storm,Thor,Captain America <- Thor; Hela <- Namor; Hulk <- Captain America; Namor <- Hulk; Storm <- Thor; Thor <- Hela
152,Captain America,Hela,Hulk,Phoenix,Thor,Venom,Captain America <- Thor; Hela <- Venom; Hulk <- Captain America; Phoenix <- Hela; Thor <- Hela; Venom <- Phoenix
153,Captain America,Hela,Iron Man,Phoenix,Thor,Venom,Captain America <- Thor; Hela <- Venom; Iron Man <- Thor; Phoenix <- Hela; Thor <- Hela; Venom <- Phoenix
154,Captain America,Hela,Jeff the Land Shark,Phoenix,Thor,Venom,Captain America <- Thor; Hela <- Venom; Jeff the Land Shark <- Venom; Phoenix <- Hela; Thor <- Hela; Venom <- Phoenix
155,Captain America,Hela,Loki,Phoenix,Thor,Venom,Captain America <- Thor; Hela <- Venom; Loki <- Hela; Phoenix <- Hela; Thor <- Hela; Venom <- Phoenix
156,Captain America,Hela,Phoenix,Spider-Man,Thor,Venom,Captain America <- Thor; Hela <- Venom; Phoenix <- Hela; Spider-Man <- Venom; Thor <- Hela; Venom <- Phoenix
157,Captain America,Hela,Phoenix,Storm,Thor,Venom,Captain America <- Thor; Hela <- Venom; Phoenix <- Hela; Storm <- Thor; Thor <- Hela; Venom <- Phoenix
158,Cloak & Dagger,Cyclops,Gambit,Jubilee,Moon Knight,The Hood,Cloak & Dagger <- The Hood; Cyclops <- Gambit; Gambit <- Jubilee; Jubilee <- The Hood; Moon Knight <- Cloak & Dagger; The Hood <- Moon Knight
159,Cloak & Dagger,Cyclops,Gambit,Jubilee,Scarlet Witch,The Hood,Cloak & Dagger <- The Hood; Cyclops <- Gambit; Gambit <- Jubilee; Jubilee <- The Hood; Scarlet Witch <- Jubilee; The Hood <- Scarlet Witch
160,Cloak & Dagger,Daredevil,Iron Fist,Luna Snow,Psylocke,White Fox,Cloak & Dagger <- Luna Snow; Daredevil <- Iron Fist; Iron Fist <- White Fox; Luna Snow <- White Fox; Psylocke <- Cloak & Dagger; White Fox <- Psylocke
161,Cloak & Dagger,Deadpool,Gambit,Jubilee,Moon Knight,The Hood,Cloak & Dagger <- The Hood; Deadpool <- Gambit; Gambit <- Jubilee; Jubilee <- The Hood; Moon Knight <- Cloak & Dagger; The Hood <- Moon Knight
162,Cloak & Dagger,Deadpool,Gambit,Jubilee,Scarlet Witch,The Hood,Cloak & Dagger <- The Hood; Deadpool <- Gambit; Gambit <- Jubilee; Jubilee <- The Hood; Scarlet Witch <- Jubilee; The Hood <- Scarlet Witch
163,Cloak & Dagger,Emma Frost,Hawkeye,Luna Snow,Psylocke,White Fox,"Cloak & Dagger <- Luna Snow; Emma Frost <- Luna Snow; Hawkeye <- Cloak & Dagger, Psylocke; Luna Snow <- White Fox; Psylocke <- Cloak & Dagger, Emma Frost; White Fox <- Psylocke"
164,Cloak & Dagger,Emma Frost,Iron Fist,Luna Snow,Psylocke,White Fox,"Cloak & Dagger <- Luna Snow; Emma Frost <- Luna Snow; Iron Fist <- White Fox; Luna Snow <- White Fox; Psylocke <- Cloak & Dagger, Emma Frost; White Fox <- Psylocke"
165,Cloak & Dagger,Emma Frost,Luna Snow,Magneto,Psylocke,White Fox,"Cloak & Dagger <- Luna Snow; Emma Frost <- Luna Snow; Luna Snow <- White Fox; Magneto <- Emma Frost; Psylocke <- Cloak & Dagger, Emma Frost; White Fox <- Psylocke"
166,Cloak & Dagger,Emma Frost,Luna Snow,Moon Knight,Psylocke,White Fox,"Cloak & Dagger <- Luna Snow; Emma Frost <- Luna Snow; Luna Snow <- White Fox; Moon Knight <- Cloak & Dagger; Psylocke <- Cloak & Dagger, Emma Frost; White Fox <- Psylocke"
167,Cloak & Dagger,Emma Frost,Luna Snow,Namor,Psylocke,White Fox,"Cloak & Dagger <- Luna Snow; Emma Frost <- Luna Snow; Luna Snow <- White Fox; Namor <- Luna Snow; Psylocke <- Cloak & Dagger, Emma Frost; White Fox <- Psylocke"
168,Cloak & Dagger,Gambit,Hawkeye,Jubilee,Moon Knight,The Hood,Cloak & Dagger <- The Hood; Gambit <- Jubilee; Hawkeye <- Cloak & Dagger; Jubilee <- The Hood; Moon Knight <- Cloak & Dagger; The Hood <- Moon Knight
169,Cloak & Dagger,Gambit,Hawkeye,Jubilee,Scarlet Witch,The Hood,Cloak & Dagger <- The Hood; Gambit <- Jubilee; Hawkeye <- Cloak & Dagger; Jubilee <- The Hood; Scarlet Witch <- Jubilee; The Hood <- Scarlet Witch
170,Cloak & Dagger,Gambit,Human Torch,Jubilee,Moon Knight,The Hood,Cloak & Dagger <- The Hood; Gambit <- Jubilee; Human Torch <- Jubilee; Jubilee <- The Hood; Moon Knight <- Cloak & Dagger; The Hood <- Moon Knight
171,Cloak & Dagger,Gambit,Human Torch,Jubilee,Scarlet Witch,The Hood,Cloak & Dagger <- The Hood; Gambit <- Jubilee; Human Torch <- Jubilee; Jubilee <- The Hood; Scarlet Witch <- Jubilee; The Hood <- Scarlet Witch
172,Cloak & Dagger,Gambit,Jubilee,Magik,Moon Knight,The Hood,Cloak & Dagger <- The Hood; Gambit <- Jubilee; Jubilee <- The Hood; Magik <- The Hood; Moon Knight <- Cloak & Dagger; The Hood <- Moon Knight
173,Cloak & Dagger,Gambit,Jubilee,Magik,Scarlet Witch,The Hood,Cloak & Dagger <- The Hood; Gambit <- Jubilee; Jubilee <- The Hood; Magik <- The Hood; Scarlet Witch <- Jubilee; The Hood <- Scarlet Witch
174,Cloak & Dagger,Gambit,Jubilee,Magneto,Scarlet Witch,The Hood,"Cloak & Dagger <- The Hood; Gambit <- Jubilee, Magneto; Jubilee <- The Hood; Magneto <- Scarlet Witch; Scarlet Witch <- Jubilee; The Hood <- Scarlet Witch"
175,Cloak & Dagger,Gambit,Jubilee,Moon Knight,Psylocke,The Hood,Cloak & Dagger <- The Hood; Gambit <- Jubilee; Jubilee <- The Hood; Moon Knight <- Cloak & Dagger; Psylocke <- Cloak & Dagger; The Hood <- Moon Knight
176,Cloak & Dagger,Gambit,Jubilee,Moon Knight,Rogue,The Hood,Cloak & Dagger <- The Hood; Gambit <- Jubilee; Jubilee <- The Hood; Moon Knight <- Cloak & Dagger; Rogue <- Gambit; The Hood <- Moon Knight
177,Cloak & Dagger,Gambit,Jubilee,Moon Knight,Scarlet Witch,The Hood,"Cloak & Dagger <- The Hood; Gambit <- Jubilee; Jubilee <- The Hood; Moon Knight <- Cloak & Dagger; Scarlet Witch <- Jubilee; The Hood <- Moon Knight, Scarlet Witch"
178,Cloak & Dagger,Gambit,Jubilee,Moon Knight,The Hood,Wolverine,Cloak & Dagger <- The Hood; Gambit <- Jubilee; Jubilee <- The Hood; Moon Knight <- Cloak & Dagger; The Hood <- Moon Knight; Wolverine <- Gambit
179,Cloak & Dagger,Gambit,Jubilee,Psylocke,Scarlet Witch,The Hood,Cloak & Dagger <- The Hood; Gambit <- Jubilee; Jubilee <- The Hood; Psylocke <- Cloak & Dagger; Scarlet Witch <- Jubilee; The Hood <- Scarlet Witch
180,Cloak & Dagger,Gambit,Jubilee,Rogue,Scarlet Witch,The Hood,Cloak & Dagger <- The Hood; Gambit <- Jubilee; Jubilee <- The Hood; Rogue <- Gambit; Scarlet Witch <- Jubilee; The Hood <- Scarlet Witch
181,Cloak & Dagger,Gambit,Jubilee,Scarlet Witch,The Hood,Wolverine,Cloak & Dagger <- The Hood; Gambit <- Jubilee; Jubilee <- The Hood; Scarlet Witch <- Jubilee; The Hood <- Scarlet Witch; Wolverine <- Gambit
182,Cloak & Dagger,Groot,Mantis,Moon Knight,Star-Lord,The Hood,Cloak & Dagger <- The Hood; Groot <- Mantis; Mantis <- Star-Lord; Moon Knight <- Cloak & Dagger; Star-Lord <- Groot; The Hood <- Moon Knight
183,Cloak & Dagger,Hawkeye,Human Torch,Jubilee,Moon Knight,The Hood,Cloak & Dagger <- The Hood; Hawkeye <- Cloak & Dagger; Human Torch <- Jubilee; Jubilee <- The Hood; Moon Knight <- Cloak & Dagger; The Hood <- Moon Knight
184,Cloak & Dagger,Hawkeye,Human Torch,Jubilee,Scarlet Witch,The Hood,Cloak & Dagger <- The Hood; Hawkeye <- Cloak & Dagger; Human Torch <- Jubilee; Jubilee <- The Hood; Scarlet Witch <- Jubilee; The Hood <- Scarlet Witch
185,Cloak & Dagger,Hawkeye,Iron Fist,Luna Snow,Psylocke,White Fox,"Cloak & Dagger <- Luna Snow; Hawkeye <- Cloak & Dagger, Psylocke; Iron Fist <- White Fox; Luna Snow <- White Fox; Psylocke <- Cloak & Dagger; White Fox <- Psylocke"
186,Cloak & Dagger,Hawkeye,Jubilee,Magik,Moon Knight,The Hood,Cloak & Dagger <- The Hood; Hawkeye <- Cloak & Dagger; Jubilee <- The Hood; Magik <- The Hood; Moon Knight <- Cloak & Dagger; The Hood <- Moon Knight
187,Cloak & Dagger,Hawkeye,Jubilee,Magik,Scarlet Witch,The Hood,Cloak & Dagger <- The Hood; Hawkeye <- Cloak & Dagger; Jubilee <- The Hood; Magik <- The Hood; Scarlet Witch <- Jubilee; The Hood <- Scarlet Witch
188,Cloak & Dagger,Hawkeye,Jubilee,Magneto,Scarlet Witch,The Hood,Cloak & Dagger <- The Hood; Hawkeye <- Cloak & Dagger; Jubilee <- The Hood; Magneto <- Scarlet Witch; Scarlet Witch <- Jubilee; The Hood <- Scarlet Witch
189,Cloak & Dagger,Hawkeye,Jubilee,Moon Knight,Psylocke,The Hood,"Cloak & Dagger <- The Hood; Hawkeye <- Cloak & Dagger, Psylocke; Jubilee <- The Hood; Moon Knight <- Cloak & Dagger; Psylocke <- Cloak & Dagger; The Hood <- Moon Knight"
190,Cloak & Dagger,Hawkeye,Jubilee,Moon Knight,Scarlet Witch,The Hood,"Cloak & Dagger <- The Hood; Hawkeye <- Cloak & Dagger; Jubilee <- The Hood; Moon Knight <- Cloak & Dagger; Scarlet Witch <- Jubilee; The Hood <- Moon Knight, Scarlet Witch"
191,Cloak & Dagger,Hawkeye,Jubilee,Psylocke,Scarlet Witch,The Hood,"Cloak & Dagger <- The Hood; Hawkeye <- Cloak & Dagger, Psylocke; Jubilee <- The Hood; Psylocke <- Cloak & Dagger; Scarlet Witch <- Jubilee; The Hood <- Scarlet Witch"
192,Cloak & Dagger,Hawkeye,Luna Snow,Moon Knight,Psylocke,White Fox,"Cloak & Dagger <- Luna Snow; Hawkeye <- Cloak & Dagger, Psylocke; Luna Snow <- White Fox; Moon Knight <- Cloak & Dagger; Psylocke <- Cloak & Dagger; White Fox <- Psylocke"
193,Cloak & Dagger,Hawkeye,Luna Snow,Namor,Psylocke,White Fox,"Cloak & Dagger <- Luna Snow; Hawkeye <- Cloak & Dagger, Psylocke; Luna Snow <- White Fox; Namor <- Luna Snow; Psylocke <- Cloak & Dagger; White Fox <- Psylocke"
194,Cloak & Dagger,Hawkeye,Magik,Moon Knight,Psylocke,The Hood,"Cloak & Dagger <- The Hood; Hawkeye <- Cloak & Dagger, Psylocke; Magik <- The Hood; Moon Knight <- Cloak & Dagger; Psylocke <- Cloak & Dagger; The Hood <- Moon Knight"
195,Cloak & Dagger,Hawkeye,Moon Knight,Psylocke,The Hood,White Fox,"Cloak & Dagger <- The Hood; Hawkeye <- Cloak & Dagger, Psylocke; Moon Knight <- Cloak & Dagger; Psylocke <- Cloak & Dagger; The Hood <- Moon Knight; White Fox <- Psylocke"
196,Cloak & Dagger,Hela,Luna Snow,Namor,Psylocke,White Fox,Cloak & Dagger <- Luna Snow; Hela <- Namor; Luna Snow <- White Fox; Namor <- Luna Snow; Psylocke <- Cloak & Dagger; White Fox <- Psylocke
197,Cloak & Dagger,Hela,Moon Knight,Phoenix,The Hood,Venom,Cloak & Dagger <- The Hood; Hela <- Venom; Moon Knight <- Cloak & Dagger; Phoenix <- Hela; The Hood <- Moon Knight; Venom <- Phoenix
198,Cloak & Dagger,Human Torch,Invisible Woman,Jubilee,Moon Knight,The Hood,Cloak & Dagger <- The Hood; Human Torch <- Jubilee; Invisible Woman <- Human Torch; Jubilee <- The Hood; Moon Knight <- Cloak & Dagger; The Hood <- Moon Knight
199,Cloak & Dagger,Human Torch,Invisible Woman,Jubilee,Scarlet Witch,The Hood,Cloak & Dagger <- The Hood; Human Torch <- Jubilee; Invisible Woman <- Human Torch; Jubilee <- The Hood; Scarlet Witch <- Jubilee; The Hood <- Scarlet Witch
200,Cloak & Dagger,Human Torch,Jubilee,Magik,Moon Knight,The Hood,Cloak & Dagger <- The Hood; Human Torch <- Jubilee; Jubilee <- The Hood; Magik <- The Hood; Moon Knight <- Cloak & Dagger; The Hood <- Moon Knight
201,Cloak & Dagger,Human Torch,Jubilee,Magik,Scarlet Witch,The Hood,Cloak & Dagger <- The Hood; Human Torch <- Jubilee; Jubilee <- The Hood; Magik <- The Hood; Scarlet Witch <- Jubilee; The Hood <- Scarlet Witch
202,Cloak & Dagger,Human Torch,Jubilee,Magneto,Scarlet Witch,The Hood,Cloak & Dagger <- The Hood; Human Torch <- Jubilee; Jubilee <- The Hood; Magneto <- Scarlet Witch; Scarlet Witch <- Jubilee; The Hood <- Scarlet Witch
203,Cloak & Dagger,Human Torch,Jubilee,Moon Knight,Psylocke,The Hood,Cloak & Dagger <- The Hood; Human Torch <- Jubilee; Jubilee <- The Hood; Moon Knight <- Cloak & Dagger; Psylocke <- Cloak & Dagger; The Hood <- Moon Knight
204,Cloak & Dagger,Human Torch,Jubilee,Moon Knight,Scarlet Witch,The Hood,"Cloak & Dagger <- The Hood; Human Torch <- Jubilee; Jubilee <- The Hood; Moon Knight <- Cloak & Dagger; Scarlet Witch <- Jubilee; The Hood <- Moon Knight, Scarlet Witch"
205,Cloak & Dagger,Human Torch,Jubilee,Moon Knight,The Hood,The Thing,Cloak & Dagger <- The Hood; Human Torch <- Jubilee; Jubilee <- The Hood; Moon Knight <- Cloak & Dagger; The Hood <- Moon Knight; The Thing <- Human Torch
206,Cloak & Dagger,Human Torch,Jubilee,Psylocke,Scarlet Witch,The Hood,Cloak & Dagger <- The Hood; Human Torch <- Jubilee; Jubilee <- The Hood; Psylocke <- Cloak & Dagger; Scarlet Witch <- Jubilee; The Hood <- Scarlet Witch
207,Cloak & Dagger,Human Torch,Jubilee,Scarlet Witch,The Hood,The Thing,Cloak & Dagger <- The Hood; Human Torch <- Jubilee; Jubilee <- The Hood; Scarlet Witch <- Jubilee; The Hood <- Scarlet Witch; The Thing <- Human Torch
208,Cloak & Dagger,Invisible Woman,Mister Fantastic,Moon Knight,The Hood,The Thing,Cloak & Dagger <- The Hood; Invisible Woman <- Mister Fantastic; Mister Fantastic <- The Thing; Moon Knight <- Cloak & Dagger; The Hood <- Moon Knight; The Thing <- Invisible Woman
209,Cloak & Dagger,Iron Fist,Luna Snow,Moon Knight,Psylocke,White Fox,Cloak & Dagger <- Luna Snow; Iron Fist <- White Fox; Luna Snow <- White Fox; Moon Knight <- Cloak & Dagger; Psylocke <- Cloak & Dagger; White Fox <- Psylocke
210,Cloak & Dagger,Iron Fist,Luna Snow,Namor,Psylocke,White Fox,Cloak & Dagger <- Luna Snow; Iron Fist <- White Fox; Luna Snow <- White Fox; Namor <- Luna Snow; Psylocke <- Cloak & Dagger; White Fox <- Psylocke
211,Cloak & Dagger,Iron Fist,Moon Knight,Psylocke,The Hood,White Fox,Cloak & Dagger <- The Hood; Iron Fist <- White Fox; Moon Knight <- Cloak & Dagger; Psylocke <- Cloak & Dagger; The Hood <- Moon Knight; White Fox <- Psylocke
212,Cloak & Dagger,Jubilee,Magik,Magneto,Scarlet Witch,The Hood,Cloak & Dagger <- The Hood; Jubilee <- The Hood; Magik <- The Hood; Magneto <- Scarlet Witch; Scarlet Witch <- Jubilee; The Hood <- Scarlet Witch
213,Cloak & Dagger,Jubilee,Magik,Moon Knight,Psylocke,The Hood,Cloak & Dagger <- The Hood; Jubilee <- The Hood; Magik <- The Hood; Moon Knight <- Cloak & Dagger; Psylocke <- Cloak & Dagger; The Hood <- Moon Knight
214,Cloak & Dagger,Jubilee,Magik,Moon Knight,Scarlet Witch,The Hood,"Cloak & Dagger <- The Hood; Jubilee <- The Hood; Magik <- The Hood; Moon Knight <- Cloak & Dagger; Scarlet Witch <- Jubilee; The Hood <- Moon Knight, Scarlet Witch"
215,Cloak & Dagger,Jubilee,Magik,Psylocke,Scarlet Witch,The Hood,Cloak & Dagger <- The Hood; Jubilee <- The Hood; Magik <- The Hood; Psylocke <- Cloak & Dagger; Scarlet Witch <- Jubilee; The Hood <- Scarlet Witch
216,Cloak & Dagger,Jubilee,Magneto,Moon Knight,Scarlet Witch,The Hood,"Cloak & Dagger <- The Hood; Jubilee <- The Hood; Magneto <- Scarlet Witch; Moon Knight <- Cloak & Dagger; Scarlet Witch <- Jubilee; The Hood <- Moon Knight, Scarlet Witch"
217,Cloak & Dagger,Jubilee,Magneto,Psylocke,Scarlet Witch,The Hood,Cloak & Dagger <- The Hood; Jubilee <- The Hood; Magneto <- Scarlet Witch; Psylocke <- Cloak & Dagger; Scarlet Witch <- Jubilee; The Hood <- Scarlet Witch
218,Cloak & Dagger,Jubilee,Magneto,Rogue,Scarlet Witch,The Hood,Cloak & Dagger <- The Hood; Jubilee <- The Hood; Magneto <- Scarlet Witch; Rogue <- Magneto; Scarlet Witch <- Jubilee; The Hood <- Scarlet Witch
219,Cloak & Dagger,Jubilee,Moon Knight,Psylocke,Scarlet Witch,The Hood,"Cloak & Dagger <- The Hood; Jubilee <- The Hood; Moon Knight <- Cloak & Dagger; Psylocke <- Cloak & Dagger; Scarlet Witch <- Jubilee; The Hood <- Moon Knight, Scarlet Witch"
220,Cloak & Dagger,Jubilee,Moon Knight,Psylocke,The Hood,White Fox,Cloak & Dagger <- The Hood; Jubilee <- The Hood; Moon Knight <- Cloak & Dagger; Psylocke <- Cloak & Dagger; The Hood <- Moon Knight; White Fox <- Psylocke
221,Cloak & Dagger,Jubilee,Psylocke,Scarlet Witch,The Hood,White Fox,Cloak & Dagger <- The Hood; Jubilee <- The Hood; Psylocke <- Cloak & Dagger; Scarlet Witch <- Jubilee; The Hood <- Scarlet Witch; White Fox <- Psylocke
222,Cloak & Dagger,Luna Snow,Moon Knight,Namor,Psylocke,White Fox,Cloak & Dagger <- Luna Snow; Luna Snow <- White Fox; Moon Knight <- Cloak & Dagger; Namor <- Luna Snow; Psylocke <- Cloak & Dagger; White Fox <- Psylocke
223,Cloak & Dagger,Luna Snow,Moon Knight,Psylocke,The Hood,White Fox,"Cloak & Dagger <- Luna Snow, The Hood; Luna Snow <- White Fox; Moon Knight <- Cloak & Dagger; Psylocke <- Cloak & Dagger; The Hood <- Moon Knight; White Fox <- Psylocke"
224,Cloak & Dagger,Magik,Moon Knight,Psylocke,The Hood,White Fox,Cloak & Dagger <- The Hood; Magik <- The Hood; Moon Knight <- Cloak & Dagger; Psylocke <- Cloak & Dagger; The Hood <- Moon Knight; White Fox <- Psylocke
225,Cyclops,Deadpool,Elsa Bloodstone,Hela,Phoenix,Venom,Cyclops <- Phoenix; Deadpool <- Hela; Elsa Bloodstone <- Deadpool; Hela <- Venom; Phoenix <- Hela; Venom <- Phoenix
226,Cyclops,Deadpool,Gambit,Jubilee,Scarlet Witch,The Hood,Cyclops <- Gambit; Deadpool <- Gambit; Gambit <- Jubilee; Jubilee <- The Hood; Scarlet Witch <- Jubilee; The Hood <- Scarlet Witch
227,Cyclops,Deadpool,Gorr the God Butcher,Hela,Phoenix,Venom,"Cyclops <- Phoenix; Deadpool <- Hela; Gorr the God Butcher <- Hela, Venom; Hela <- Venom; Phoenix <- Hela; Venom <- Phoenix"
228,Cyclops,Deadpool,Hela,Jeff the Land Shark,Phoenix,Venom,"Cyclops <- Phoenix; Deadpool <- Hela; Hela <- Venom; Jeff the Land Shark <- Deadpool, Venom; Phoenix <- Hela; Venom <- Phoenix"
229,Cyclops,Deadpool,Hela,Loki,Phoenix,Venom,Cyclops <- Phoenix; Deadpool <- Hela; Hela <- Venom; Loki <- Hela; Phoenix <- Hela; Venom <- Phoenix
230,Cyclops,Deadpool,Hela,Phoenix,Spider-Man,Venom,Cyclops <- Phoenix; Deadpool <- Hela; Hela <- Venom; Phoenix <- Hela; Spider-Man <- Venom; Venom <- Phoenix
231,Cyclops,Deadpool,Hela,Phoenix,Thor,Venom,Cyclops <- Phoenix; Deadpool <- Hela; Hela <- Venom; Phoenix <- Hela; Thor <- Hela; Venom <- Phoenix
232,Cyclops,Deadpool,Hela,Phoenix,Venom,Wolverine,Cyclops <- Phoenix; Deadpool <- Hela; Hela <- Venom; Phoenix <- Hela; Venom <- Phoenix; Wolverine <- Cyclops
233,Cyclops,Devil Dinosaur,Hela,Jeff the Land Shark,Phoenix,Venom,Cyclops <- Phoenix; Devil Dinosaur <- Jeff the Land Shark; Hela <- Venom; Jeff the Land Shark <- Venom; Phoenix <- Hela; Venom <- Phoenix
234,Cyclops,Gambit,Human Torch,Jubilee,Scarlet Witch,The Hood,Cyclops <- Gambit; Gambit <- Jubilee; Human Torch <- Jubilee; Jubilee <- The Hood; Scarlet Witch <- Jubilee; The Hood <- Scarlet Witch
235,Cyclops,Gambit,Jubilee,Magik,Scarlet Witch,The Hood,Cyclops <- Gambit; Gambit <- Jubilee; Jubilee <- The Hood; Magik <- The Hood; Scarlet Witch <- Jubilee; The Hood <- Scarlet Witch
236,Cyclops,Gambit,Jubilee,Magneto,Scarlet Witch,The Hood,"Cyclops <- Gambit; Gambit <- Jubilee, Magneto; Jubilee <- The Hood; Magneto <- Scarlet Witch; Scarlet Witch <- Jubilee; The Hood <- Scarlet Witch"
237,Cyclops,Gambit,Jubilee,Rogue,Scarlet Witch,The Hood,Cyclops <- Gambit; Gambit <- Jubilee; Jubilee <- The Hood; Rogue <- Gambit; Scarlet Witch <- Jubilee; The Hood <- Scarlet Witch
238,Cyclops,Gambit,Jubilee,Scarlet Witch,The Hood,Wolverine,"Cyclops <- Gambit; Gambit <- Jubilee; Jubilee <- The Hood; Scarlet Witch <- Jubilee; The Hood <- Scarlet Witch; Wolverine <- Cyclops, Gambit"
239,Cyclops,Gorr the God Butcher,Hela,Jeff the Land Shark,Phoenix,Venom,"Cyclops <- Phoenix; Gorr the God Butcher <- Hela, Venom; Hela <- Venom; Jeff the Land Shark <- Venom; Phoenix <- Hela; Venom <- Phoenix"
240,Cyclops,Gorr the God Butcher,Hela,Loki,Phoenix,Venom,"Cyclops <- Phoenix; Gorr the God Butcher <- Hela, Venom; Hela <- Venom; Loki <- Hela; Phoenix <- Hela; Venom <- Phoenix"
241,Cyclops,Gorr the God Butcher,Hela,Phoenix,Spider-Man,Venom,"Cyclops <- Phoenix; Gorr the God Butcher <- Hela, Venom; Hela <- Venom; Phoenix <- Hela; Spider-Man <- Venom; Venom <- Phoenix"
242,Cyclops,Gorr the God Butcher,Hela,Phoenix,Thor,Venom,"Cyclops <- Phoenix; Gorr the God Butcher <- Hela, Venom; Hela <- Venom; Phoenix <- Hela; Thor <- Hela; Venom <- Phoenix"
243,Cyclops,Gorr the God Butcher,Hela,Phoenix,Venom,Wolverine,"Cyclops <- Phoenix; Gorr the God Butcher <- Hela, Venom; Hela <- Venom; Phoenix <- Hela; Venom <- Phoenix; Wolverine <- Cyclops"
244,Cyclops,Groot,Hela,Jeff the Land Shark,Phoenix,Venom,Cyclops <- Phoenix; Groot <- Jeff the Land Shark; Hela <- Venom; Jeff the Land Shark <- Venom; Phoenix <- Hela; Venom <- Phoenix
245,Cyclops,Hela,Hulk,Namor,Phoenix,Wolverine,Cyclops <- Phoenix; Hela <- Namor; Hulk <- Wolverine; Namor <- Hulk; Phoenix <- Hela; Wolverine <- Cyclops
246,Cyclops,Hela,Hulk,Phoenix,Venom,Wolverine,Cyclops <- Phoenix; Hela <- Venom; Hulk <- Wolverine; Phoenix <- Hela; Venom <- Phoenix; Wolverine <- Cyclops
247,Cyclops,Hela,Iron Man,Phoenix,Thor,Venom,Cyclops <- Phoenix; Hela <- Venom; Iron Man <- Thor; Phoenix <- Hela; Thor <- Hela; Venom <- Phoenix
248,Cyclops,Hela,Jeff the Land Shark,Loki,Phoenix,Venom,Cyclops <- Phoenix; Hela <- Venom; Jeff the Land Shark <- Venom; Loki <- Hela; Phoenix <- Hela; Venom <- Phoenix
249,Cyclops,Hela,Jeff the Land Shark,Phoenix,Spider-Man,Venom,Cyclops <- Phoenix; Hela <- Venom; Jeff the Land Shark <- Venom; Phoenix <- Hela; Spider-Man <- Venom; Venom <- Phoenix
250,Cyclops,Hela,Jeff the Land Shark,Phoenix,Storm,Venom,Cyclops <- Phoenix; Hela <- Venom; Jeff the Land Shark <- Venom; Phoenix <- Hela; Storm <- Jeff the Land Shark; Venom <- Phoenix
251,Cyclops,Hela,Jeff the Land Shark,Phoenix,Thor,Venom,Cyclops <- Phoenix; Hela <- Venom; Jeff the Land Shark <- Venom; Phoenix <- Hela; Thor <- Hela; Venom <- Phoenix
252,Cyclops,Hela,Jeff the Land Shark,Phoenix,Venom,Wolverine,Cyclops <- Phoenix; Hela <- Venom; Jeff the Land Shark <- Venom; Phoenix <- Hela; Venom <- Phoenix; Wolverine <- Cyclops
253,Cyclops,Hela,Loki,Phoenix,Spider-Man,Venom,Cyclops <- Phoenix; Hela <- Venom; Loki <- Hela; Phoenix <- Hela; Spider-Man <- Venom; Venom <- Phoenix
254,Cyclops,Hela,Loki,Phoenix,Thor,Venom,Cyclops <- Phoenix; Hela <- Venom; Loki <- Hela; Phoenix <- Hela; Thor <- Hela; Venom <- Phoenix
255,Cyclops,Hela,Loki,Phoenix,Venom,Wolverine,Cyclops <- Phoenix; Hela <- Venom; Loki <- Hela; Phoenix <- Hela; Venom <- Phoenix; Wolverine <- Cyclops
256,Cyclops,Hela,Phoenix,Spider-Man,Squirrel Girl,Venom,Cyclops <- Phoenix; Hela <- Venom; Phoenix <- Hela; Spider-Man <- Venom; Squirrel Girl <- Spider-Man; Venom <- Phoenix
257,Cyclops,Hela,Phoenix,Spider-Man,Thor,Venom,Cyclops <- Phoenix; Hela <- Venom; Phoenix <- Hela; Spider-Man <- Venom; Thor <- Hela; Venom <- Phoenix
258,Cyclops,Hela,Phoenix,Spider-Man,Venom,Wolverine,Cyclops <- Phoenix; Hela <- Venom; Phoenix <- Hela; Spider-Man <- Venom; Venom <- Phoenix; Wolverine <- Cyclops
259,Cyclops,Hela,Phoenix,Storm,Thor,Venom,Cyclops <- Phoenix; Hela <- Venom; Phoenix <- Hela; Storm <- Thor; Thor <- Hela; Venom <- Phoenix
260,Cyclops,Hela,Phoenix,Thor,Venom,Wolverine,Cyclops <- Phoenix; Hela <- Venom; Phoenix <- Hela; Thor <- Hela; Venom <- Phoenix; Wolverine <- Cyclops
261,Daredevil,Doctor Strange,Invisible Woman,Iron Fist,Mister Fantastic,The Thing,Daredevil <- Iron Fist; Doctor Strange <- Invisible Woman; Invisible Woman <- Mister Fantastic; Iron Fist <- The Thing; Mister Fantastic <- The Thing; The Thing <- Invisible Woman
262,Daredevil,Emma Frost,Iron Fist,Luna Snow,Psylocke,White Fox,Daredevil <- Iron Fist; Emma Frost <- Luna Snow; Iron Fist <- White Fox; Luna Snow <- White Fox; Psylocke <- Emma Frost; White Fox <- Psylocke
263,Daredevil,Invisible Woman,Iron Fist,Mister Fantastic,The Punisher,The Thing,Daredevil <- Iron Fist; Invisible Woman <- Mister Fantastic; Iron Fist <- The Thing; Mister Fantastic <- The Thing; The Punisher <- Daredevil; The Thing <- Invisible Woman
264,Deadpool,Devil Dinosaur,Hela,Jeff the Land Shark,Phoenix,Venom,"Deadpool <- Hela; Devil Dinosaur <- Jeff the Land Shark; Hela <- Venom; Jeff the Land Shark <- Deadpool, Venom; Phoenix <- Hela; Venom <- Phoenix"
265,Deadpool,Elsa Bloodstone,Gambit,Jubilee,Moon Knight,The Hood,Deadpool <- Gambit; Elsa Bloodstone <- Deadpool; Gambit <- Jubilee; Jubilee <- The Hood; Moon Knight <- Elsa Bloodstone; The Hood <- Moon Knight
266,Deadpool,Elsa Bloodstone,Gambit,Jubilee,Scarlet Witch,The Hood,Deadpool <- Gambit; Elsa Bloodstone <- Deadpool; Gambit <- Jubilee; Jubilee <- The Hood; Scarlet Witch <- Jubilee; The Hood <- Scarlet Witch
267,Deadpool,Elsa Bloodstone,Gorr the God Butcher,Hela,Phoenix,Venom,"Deadpool <- Hela; Elsa Bloodstone <- Deadpool; Gorr the God Butcher <- Hela, Venom; Hela <- Venom; Phoenix <- Hela; Venom <- Phoenix"
268,Deadpool,Elsa Bloodstone,Hela,Jeff the Land Shark,Phoenix,Venom,"Deadpool <- Hela; Elsa Bloodstone <- Deadpool; Hela <- Venom; Jeff the Land Shark <- Deadpool, Venom; Phoenix <- Hela; Venom <- Phoenix"
269,Deadpool,Elsa Bloodstone,Hela,Loki,Phoenix,Venom,Deadpool <- Hela; Elsa Bloodstone <- Deadpool; Hela <- Venom; Loki <- Hela; Phoenix <- Hela; Venom <- Phoenix
270,Deadpool,Elsa Bloodstone,Hela,Moon Knight,Phoenix,Venom,Deadpool <- Hela; Elsa Bloodstone <- Deadpool; Hela <- Venom; Moon Knight <- Elsa Bloodstone; Phoenix <- Hela; Venom <- Phoenix
271,Deadpool,Elsa Bloodstone,Hela,Phoenix,Spider-Man,Venom,Deadpool <- Hela; Elsa Bloodstone <- Deadpool; Hela <- Venom; Phoenix <- Hela; Spider-Man <- Venom; Venom <- Phoenix
272,Deadpool,Elsa Bloodstone,Hela,Phoenix,Thor,Venom,Deadpool <- Hela; Elsa Bloodstone <- Deadpool; Hela <- Venom; Phoenix <- Hela; Thor <- Hela; Venom <- Phoenix
273,Deadpool,Elsa Bloodstone,Hela,Phoenix,Venom,Winter Soldier,Deadpool <- Hela; Elsa Bloodstone <- Deadpool; Hela <- Venom; Phoenix <- Hela; Venom <- Phoenix; Winter Soldier <- Elsa Bloodstone
274,Deadpool,Gambit,Human Torch,Jubilee,Scarlet Witch,The Hood,Deadpool <- Gambit; Gambit <- Jubilee; Human Torch <- Jubilee; Jubilee <- The Hood; Scarlet Witch <- Jubilee; The Hood <- Scarlet Witch
275,Deadpool,Gambit,Jeff the Land Shark,Jubilee,Scarlet Witch,The Hood,Deadpool <- Gambit; Gambit <- Jubilee; Jeff the Land Shark <- Deadpool; Jubilee <- The Hood; Scarlet Witch <- Jubilee; The Hood <- Scarlet Witch
276,Deadpool,Gambit,Jubilee,Magik,Scarlet Witch,The Hood,Deadpool <- Gambit; Gambit <- Jubilee; Jubilee <- The Hood; Magik <- The Hood; Scarlet Witch <- Jubilee; The Hood <- Scarlet Witch
277,Deadpool,Gambit,Jubilee,Magneto,Scarlet Witch,The Hood,"Deadpool <- Gambit; Gambit <- Jubilee, Magneto; Jubilee <- The Hood; Magneto <- Scarlet Witch; Scarlet Witch <- Jubilee; The Hood <- Scarlet Witch"
278,Deadpool,Gambit,Jubilee,Rogue,Scarlet Witch,The Hood,Deadpool <- Gambit; Gambit <- Jubilee; Jubilee <- The Hood; Rogue <- Gambit; Scarlet Witch <- Jubilee; The Hood <- Scarlet Witch
279,Deadpool,Gambit,Jubilee,Scarlet Witch,The Hood,Wolverine,Deadpool <- Gambit; Gambit <- Jubilee; Jubilee <- The Hood; Scarlet Witch <- Jubilee; The Hood <- Scarlet Witch; Wolverine <- Gambit
280,Deadpool,Gorr the God Butcher,Hela,Jeff the Land Shark,Phoenix,Venom,"Deadpool <- Hela; Gorr the God Butcher <- Hela, Venom; Hela <- Venom; Jeff the Land Shark <- Deadpool, Venom; Phoenix <- Hela; Venom <- Phoenix"
281,Deadpool,Gorr the God Butcher,Hela,Loki,Phoenix,Venom,"Deadpool <- Hela; Gorr the God Butcher <- Hela, Venom; Hela <- Venom; Loki <- Hela; Phoenix <- Hela; Venom <- Phoenix"
282,Deadpool,Gorr the God Butcher,Hela,Phoenix,Spider-Man,Venom,"Deadpool <- Hela; Gorr the God Butcher <- Hela, Venom; Hela <- Venom; Phoenix <- Hela; Spider-Man <- Venom; Venom <- Phoenix"
283,Deadpool,Gorr the God Butcher,Hela,Phoenix,Thor,Venom,"Deadpool <- Hela; Gorr the God Butcher <- Hela, Venom; Hela <- Venom; Phoenix <- Hela; Thor <- Hela; Venom <- Phoenix"
284,Deadpool,Groot,Hela,Jeff the Land Shark,Phoenix,Venom,"Deadpool <- Hela; Groot <- Jeff the Land Shark; Hela <- Venom; Jeff the Land Shark <- Deadpool, Venom; Phoenix <- Hela; Venom <- Phoenix"
285,Deadpool,Hela,Iron Man,Phoenix,Thor,Venom,Deadpool <- Hela; Hela <- Venom; Iron Man <- Thor; Phoenix <- Hela; Thor <- Hela; Venom <- Phoenix
286,Deadpool,Hela,Jeff the Land Shark,Loki,Phoenix,Venom,"Deadpool <- Hela; Hela <- Venom; Jeff the Land Shark <- Deadpool, Venom; Loki <- Hela; Phoenix <- Hela; Venom <- Phoenix"
287,Deadpool,Hela,Jeff the Land Shark,Phoenix,Spider-Man,Venom,"Deadpool <- Hela; Hela <- Venom; Jeff the Land Shark <- Deadpool, Venom; Phoenix <- Hela; Spider-Man <- Venom; Venom <- Phoenix"
288,Deadpool,Hela,Jeff the Land Shark,Phoenix,Storm,Venom,"Deadpool <- Hela; Hela <- Venom; Jeff the Land Shark <- Deadpool, Venom; Phoenix <- Hela; Storm <- Jeff the Land Shark; Venom <- Phoenix"
289,Deadpool,Hela,Jeff the Land Shark,Phoenix,Thor,Venom,"Deadpool <- Hela; Hela <- Venom; Jeff the Land Shark <- Deadpool, Venom; Phoenix <- Hela; Thor <- Hela; Venom <- Phoenix"
290,Deadpool,Hela,Loki,Phoenix,Spider-Man,Venom,Deadpool <- Hela; Hela <- Venom; Loki <- Hela; Phoenix <- Hela; Spider-Man <- Venom; Venom <- Phoenix
291,Deadpool,Hela,Loki,Phoenix,Thor,Venom,Deadpool <- Hela; Hela <- Venom; Loki <- Hela; Phoenix <- Hela; Thor <- Hela; Venom <- Phoenix
292,Deadpool,Hela,Phoenix,Spider-Man,Squirrel Girl,Venom,Deadpool <- Hela; Hela <- Venom; Phoenix <- Hela; Spider-Man <- Venom; Squirrel Girl <- Spider-Man; Venom <- Phoenix
293,Deadpool,Hela,Phoenix,Spider-Man,Thor,Venom,Deadpool <- Hela; Hela <- Venom; Phoenix <- Hela; Spider-Man <- Venom; Thor <- Hela; Venom <- Phoenix
294,Deadpool,Hela,Phoenix,Storm,Thor,Venom,Deadpool <- Hela; Hela <- Venom; Phoenix <- Hela; Storm <- Thor; Thor <- Hela; Venom <- Phoenix
295,Devil Dinosaur,Elsa Bloodstone,Hela,Jeff the Land Shark,Phoenix,Venom,Devil Dinosaur <- Jeff the Land Shark; Elsa Bloodstone <- Devil Dinosaur; Hela <- Venom; Jeff the Land Shark <- Venom; Phoenix <- Hela; Venom <- Phoenix
296,Devil Dinosaur,Gorr the God Butcher,Hela,Jeff the Land Shark,Phoenix,Venom,"Devil Dinosaur <- Jeff the Land Shark; Gorr the God Butcher <- Hela, Venom; Hela <- Venom; Jeff the Land Shark <- Venom; Phoenix <- Hela; Venom <- Phoenix"
297,Devil Dinosaur,Groot,Hela,Jeff the Land Shark,Phoenix,Venom,Devil Dinosaur <- Jeff the Land Shark; Groot <- Jeff the Land Shark; Hela <- Venom; Jeff the Land Shark <- Venom; Phoenix <- Hela; Venom <- Phoenix
298,Devil Dinosaur,Groot,Mantis,Rocket Raccoon,Star-Lord,The Punisher,Devil Dinosaur <- The Punisher; Groot <- Mantis; Mantis <- Star-Lord; Rocket Raccoon <- Groot; Star-Lord <- Groot; The Punisher <- Rocket Raccoon
299,Devil Dinosaur,Hela,Jeff the Land Shark,Loki,Phoenix,Venom,Devil Dinosaur <- Jeff the Land Shark; Hela <- Venom; Jeff the Land Shark <- Venom; Loki <- Hela; Phoenix <- Hela; Venom <- Phoenix
300,Devil Dinosaur,Hela,Jeff the Land Shark,Phoenix,Spider-Man,Venom,Devil Dinosaur <- Jeff the Land Shark; Hela <- Venom; Jeff the Land Shark <- Venom; Phoenix <- Hela; Spider-Man <- Venom; Venom <- Phoenix
301,Devil Dinosaur,Hela,Jeff the Land Shark,Phoenix,Storm,Venom,Devil Dinosaur <- Jeff the Land Shark; Hela <- Venom; Jeff the Land Shark <- Venom; Phoenix <- Hela; Storm <- Jeff the Land Shark; Venom <- Phoenix
302,Devil Dinosaur,Hela,Jeff the Land Shark,Phoenix,Thor,Venom,Devil Dinosaur <- Jeff the Land Shark; Hela <- Venom; Jeff the Land Shark <- Venom; Phoenix <- Hela; Thor <- Hela; Venom <- Phoenix
303,Devil Dinosaur,Peni Parker,Rocket Raccoon,Spider-Man,Squirrel Girl,The Punisher,Devil Dinosaur <- The Punisher; Peni Parker <- Rocket Raccoon; Rocket Raccoon <- Squirrel Girl; Spider-Man <- Peni Parker; Squirrel Girl <- Spider-Man; The Punisher <- Rocket Raccoon
304,Doctor Strange,Gambit,Hulk,Magneto,Scarlet Witch,Wolverine,Doctor Strange <- Hulk; Gambit <- Magneto; Hulk <- Wolverine; Magneto <- Scarlet Witch; Scarlet Witch <- Doctor Strange; Wolverine <- Gambit
305,Doctor Strange,Human Torch,Invisible Woman,Jubilee,Scarlet Witch,The Hood,"Doctor Strange <- Invisible Woman; Human Torch <- Jubilee; Invisible Woman <- Human Torch; Jubilee <- The Hood; Scarlet Witch <- Doctor Strange, Jubilee; The Hood <- Scarlet Witch"
306,Doctor Strange,Invisible Woman,Iron Fist,Magik,Mister Fantastic,The Thing,Doctor Strange <- Invisible Woman; Invisible Woman <- Mister Fantastic; Iron Fist <- The Thing; Magik <- Doctor Strange; Mister Fantastic <- The Thing; The Thing <- Invisible Woman
307,Doctor Strange,Invisible Woman,Iron Fist,Mister Fantastic,Scarlet Witch,The Thing,Doctor Strange <- Invisible Woman; Invisible Woman <- Mister Fantastic; Iron Fist <- The Thing; Mister Fantastic <- The Thing; Scarlet Witch <- Doctor Strange; The Thing <- Invisible Woman
308,Doctor Strange,Invisible Woman,Magik,Mister Fantastic,Scarlet Witch,The Thing,Doctor Strange <- Invisible Woman; Invisible Woman <- Mister Fantastic; Magik <- Doctor Strange; Mister Fantastic <- The Thing; Scarlet Witch <- Doctor Strange; The Thing <- Invisible Woman
309,Doctor Strange,Invisible Woman,Magneto,Mister Fantastic,Scarlet Witch,The Thing,Doctor Strange <- Invisible Woman; Invisible Woman <- Mister Fantastic; Magneto <- Scarlet Witch; Mister Fantastic <- The Thing; Scarlet Witch <- Doctor Strange; The Thing <- Invisible Woman
310,Doctor Strange,Invisible Woman,Mister Fantastic,Scarlet Witch,The Hood,The Thing,Doctor Strange <- Invisible Woman; Invisible Woman <- Mister Fantastic; Mister Fantastic <- The Thing; Scarlet Witch <- Doctor Strange; The Hood <- Scarlet Witch; The Thing <- Invisible Woman
311,Emma Frost,Gambit,Groot,Magneto,Mantis,Star-Lord,Emma Frost <- Mantis; Gambit <- Magneto; Groot <- Mantis; Magneto <- Emma Frost; Mantis <- Star-Lord; Star-Lord <- Groot
312,Emma Frost,Gambit,Luna Snow,Magneto,Psylocke,White Fox,Emma Frost <- Luna Snow; Gambit <- Magneto; Luna Snow <- White Fox; Magneto <- Emma Frost; Psylocke <- Emma Frost; White Fox <- Psylocke
313,Emma Frost,Groot,Hawkeye,Mantis,Psylocke,Star-Lord,Emma Frost <- Mantis; Groot <- Mantis; Hawkeye <- Psylocke; Mantis <- Star-Lord; Psylocke <- Emma Frost; Star-Lord <- Groot
314,Emma Frost,Groot,Loki,Magneto,Mantis,Star-Lord,Emma Frost <- Mantis; Groot <- Mantis; Loki <- Mantis; Magneto <- Emma Frost; Mantis <- Star-Lord; Star-Lord <- Groot
315,Emma Frost,Groot,Loki,Mantis,Psylocke,Star-Lord,Emma Frost <- Mantis; Groot <- Mantis; Loki <- Mantis; Mantis <- Star-Lord; Psylocke <- Emma Frost; Star-Lord <- Groot
316,Emma Frost,Groot,Loki,Mantis,Rocket Raccoon,Star-Lord,Emma Frost <- Mantis; Groot <- Mantis; Loki <- Mantis; Mantis <- Star-Lord; Rocket Raccoon <- Groot; Star-Lord <- Groot
317,Emma Frost,Groot,Magneto,Mantis,Psylocke,Star-Lord,Emma Frost <- Mantis; Groot <- Mantis; Magneto <- Emma Frost; Mantis <- Star-Lord; Psylocke <- Emma Frost; Star-Lord <- Groot
318,Emma Frost,Groot,Magneto,Mantis,Rocket Raccoon,Star-Lord,Emma Frost <- Mantis; Groot <- Mantis; Magneto <- Emma Frost; Mantis <- Star-Lord; Rocket Raccoon <- Groot; Star-Lord <- Groot
319,Emma Frost,Groot,Magneto,Mantis,Rogue,Star-Lord,Emma Frost <- Mantis; Groot <- Mantis; Magneto <- Emma Frost; Mantis <- Star-Lord; Rogue <- Magneto; Star-Lord <- Groot
320,Emma Frost,Groot,Mantis,Mister Fantastic,Rocket Raccoon,Star-Lord,Emma Frost <- Mantis; Groot <- Mantis; Mantis <- Star-Lord; Mister Fantastic <- Rocket Raccoon; Rocket Raccoon <- Groot; Star-Lord <- Groot
321,Emma Frost,Groot,Mantis,Peni Parker,Rocket Raccoon,Star-Lord,Emma Frost <- Mantis; Groot <- Mantis; Mantis <- Star-Lord; Peni Parker <- Rocket Raccoon; Rocket Raccoon <- Groot; Star-Lord <- Groot
322,Emma Frost,Groot,Mantis,Psylocke,Rocket Raccoon,Star-Lord,Emma Frost <- Mantis; Groot <- Mantis; Mantis <- Star-Lord; Psylocke <- Emma Frost; Rocket Raccoon <- Groot; Star-Lord <- Groot
323,Emma Frost,Groot,Mantis,Psylocke,Star-Lord,White Fox,Emma Frost <- Mantis; Groot <- Mantis; Mantis <- Star-Lord; Psylocke <- Emma Frost; Star-Lord <- Groot; White Fox <- Psylocke
324,Emma Frost,Groot,Mantis,Rocket Raccoon,Star-Lord,The Punisher,Emma Frost <- Mantis; Groot <- Mantis; Mantis <- Star-Lord; Rocket Raccoon <- Groot; Star-Lord <- Groot; The Punisher <- Rocket Raccoon
325,Emma Frost,Hawkeye,Iron Fist,Luna Snow,Psylocke,White Fox,Emma Frost <- Luna Snow; Hawkeye <- Psylocke; Iron Fist <- White Fox; Luna Snow <- White Fox; Psylocke <- Emma Frost; White Fox <- Psylocke
326,Emma Frost,Hawkeye,Luna Snow,Magneto,Psylocke,White Fox,Emma Frost <- Luna Snow; Hawkeye <- Psylocke; Luna Snow <- White Fox; Magneto <- Emma Frost; Psylocke <- Emma Frost; White Fox <- Psylocke
327,Emma Frost,Hawkeye,Luna Snow,Namor,Psylocke,White Fox,Emma Frost <- Luna Snow; Hawkeye <- Psylocke; Luna Snow <- White Fox; Namor <- Luna Snow; Psylocke <- Emma Frost; White Fox <- Psylocke
328,Emma Frost,Hela,Luna Snow,Namor,Psylocke,White Fox,Emma Frost <- Luna Snow; Hela <- Namor; Luna Snow <- White Fox; Namor <- Luna Snow; Psylocke <- Emma Frost; White Fox <- Psylocke
329,Emma Frost,Iron Fist,Luna Snow,Magneto,Psylocke,White Fox,Emma Frost <- Luna Snow; Iron Fist <- White Fox; Luna Snow <- White Fox; Magneto <- Emma Frost; Psylocke <- Emma Frost; White Fox <- Psylocke
330,Emma Frost,Iron Fist,Luna Snow,Namor,Psylocke,White Fox,Emma Frost <- Luna Snow; Iron Fist <- White Fox; Luna Snow <- White Fox; Namor <- Luna Snow; Psylocke <- Emma Frost; White Fox <- Psylocke
331,Emma Frost,Luna Snow,Magneto,Namor,Psylocke,White Fox,Emma Frost <- Luna Snow; Luna Snow <- White Fox; Magneto <- Emma Frost; Namor <- Luna Snow; Psylocke <- Emma Frost; White Fox <- Psylocke
332,Emma Frost,Luna Snow,Magneto,Psylocke,Rogue,White Fox,Emma Frost <- Luna Snow; Luna Snow <- White Fox; Magneto <- Emma Frost; Psylocke <- Emma Frost; Rogue <- Magneto; White Fox <- Psylocke
333,Gambit,Hulk,Jubilee,Scarlet Witch,The Hood,Wolverine,Gambit <- Jubilee; Hulk <- Wolverine; Jubilee <- The Hood; Scarlet Witch <- Jubilee; The Hood <- Scarlet Witch; Wolverine <- Gambit
334,Gambit,Human Torch,Invisible Woman,Jubilee,Scarlet Witch,The Hood,Gambit <- Jubilee; Human Torch <- Jubilee; Invisible Woman <- Human Torch; Jubilee <- The Hood; Scarlet Witch <- Jubilee; The Hood <- Scarlet Witch
335,Gambit,Human Torch,Jubilee,Magik,Scarlet Witch,The Hood,Gambit <- Jubilee; Human Torch <- Jubilee; Jubilee <- The Hood; Magik <- The Hood; Scarlet Witch <- Jubilee; The Hood <- Scarlet Witch
336,Gambit,Human Torch,Jubilee,Magneto,Scarlet Witch,The Hood,"Gambit <- Jubilee, Magneto; Human Torch <- Jubilee; Jubilee <- The Hood; Magneto <- Scarlet Witch; Scarlet Witch <- Jubilee; The Hood <- Scarlet Witch"
337,Gambit,Human Torch,Jubilee,Rogue,Scarlet Witch,The Hood,Gambit <- Jubilee; Human Torch <- Jubilee; Jubilee <- The Hood; Rogue <- Gambit; Scarlet Witch <- Jubilee; The Hood <- Scarlet Witch
338,Gambit,Human Torch,Jubilee,Scarlet Witch,The Hood,The Thing,Gambit <- Jubilee; Human Torch <- Jubilee; Jubilee <- The Hood; Scarlet Witch <- Jubilee; The Hood <- Scarlet Witch; The Thing <- Human Torch
339,Gambit,Human Torch,Jubilee,Scarlet Witch,The Hood,Wolverine,Gambit <- Jubilee; Human Torch <- Jubilee; Jubilee <- The Hood; Scarlet Witch <- Jubilee; The Hood <- Scarlet Witch; Wolverine <- Gambit
340,Gambit,Jubilee,Magik,Magneto,Scarlet Witch,The Hood,"Gambit <- Jubilee, Magneto; Jubilee <- The Hood; Magik <- The Hood; Magneto <- Scarlet Witch; Scarlet Witch <- Jubilee; The Hood <- Scarlet Witch"
341,Gambit,Jubilee,Magik,Rogue,Scarlet Witch,The Hood,Gambit <- Jubilee; Jubilee <- The Hood; Magik <- The Hood; Rogue <- Gambit; Scarlet Witch <- Jubilee; The Hood <- Scarlet Witch
342,Gambit,Jubilee,Magik,Scarlet Witch,The Hood,Wolverine,Gambit <- Jubilee; Jubilee <- The Hood; Magik <- The Hood; Scarlet Witch <- Jubilee; The Hood <- Scarlet Witch; Wolverine <- Gambit
343,Gambit,Jubilee,Magneto,Rogue,Scarlet Witch,The Hood,"Gambit <- Jubilee, Magneto; Jubilee <- The Hood; Magneto <- Scarlet Witch; Rogue <- Gambit, Magneto; Scarlet Witch <- Jubilee; The Hood <- Scarlet Witch"
344,Gambit,Jubilee,Magneto,Scarlet Witch,The Hood,Wolverine,"Gambit <- Jubilee, Magneto; Jubilee <- The Hood; Magneto <- Scarlet Witch; Scarlet Witch <- Jubilee; The Hood <- Scarlet Witch; Wolverine <- Gambit"
345,Gambit,Jubilee,Phoenix,Rogue,Scarlet Witch,The Hood,Gambit <- Jubilee; Jubilee <- The Hood; Phoenix <- Rogue; Rogue <- Gambit; Scarlet Witch <- Jubilee; The Hood <- Scarlet Witch
346,Gambit,Jubilee,Rogue,Scarlet Witch,The Hood,Wolverine,Gambit <- Jubilee; Jubilee <- The Hood; Rogue <- Gambit; Scarlet Witch <- Jubilee; The Hood <- Scarlet Witch; Wolverine <- Gambit
347,Gorr the God Butcher,Groot,Hela,Jeff the Land Shark,Phoenix,Venom,"Gorr the God Butcher <- Hela, Venom; Groot <- Jeff the Land Shark; Hela <- Venom; Jeff the Land Shark <- Venom; Phoenix <- Hela; Venom <- Phoenix"
348,Gorr the God Butcher,Hela,Iron Man,Phoenix,Thor,Venom,"Gorr the God Butcher <- Hela, Venom; Hela <- Venom; Iron Man <- Thor; Phoenix <- Hela; Thor <- Hela; Venom <- Phoenix"
349,Gorr the God Butcher,Hela,Jeff the Land Shark,Loki,Phoenix,Venom,"Gorr the God Butcher <- Hela, Venom; Hela <- Venom; Jeff the Land Shark <- Venom; Loki <- Hela; Phoenix <- Hela; Venom <- Phoenix"
350,Gorr the God Butcher,Hela,Jeff the Land Shark,Phoenix,Spider-Man,Venom,"Gorr the God Butcher <- Hela, Venom; Hela <- Venom; Jeff the Land Shark <- Venom; Phoenix <- Hela; Spider-Man <- Venom; Venom <- Phoenix"
351,Gorr the God Butcher,Hela,Jeff the Land Shark,Phoenix,Storm,Venom,"Gorr the God Butcher <- Hela, Venom; Hela <- Venom; Jeff the Land Shark <- Venom; Phoenix <- Hela; Storm <- Jeff the Land Shark; Venom <- Phoenix"
352,Gorr the God Butcher,Hela,Jeff the Land Shark,Phoenix,Thor,Venom,"Gorr the God Butcher <- Hela, Venom; Hela <- Venom; Jeff the Land Shark <- Venom; Phoenix <- Hela; Thor <- Hela; Venom <- Phoenix"
353,Gorr the God Butcher,Hela,Loki,Phoenix,Spider-Man,Venom,"Gorr the God Butcher <- Hela, Venom; Hela <- Venom; Loki <- Hela; Phoenix <- Hela; Spider-Man <- Venom; Venom <- Phoenix"
354,Gorr the God Butcher,Hela,Loki,Phoenix,Thor,Venom,"Gorr the God Butcher <- Hela, Venom; Hela <- Venom; Loki <- Hela; Phoenix <- Hela; Thor <- Hela; Venom <- Phoenix"
355,Gorr the God Butcher,Hela,Phoenix,Spider-Man,Squirrel Girl,Venom,"Gorr the God Butcher <- Hela, Venom; Hela <- Venom; Phoenix <- Hela; Spider-Man <- Venom; Squirrel Girl <- Spider-Man; Venom <- Phoenix"
356,Gorr the God Butcher,Hela,Phoenix,Spider-Man,Thor,Venom,"Gorr the God Butcher <- Hela, Venom; Hela <- Venom; Phoenix <- Hela; Spider-Man <- Venom; Thor <- Hela; Venom <- Phoenix"
357,Gorr the God Butcher,Hela,Phoenix,Storm,Thor,Venom,"Gorr the God Butcher <- Hela, Venom; Hela <- Venom; Phoenix <- Hela; Storm <- Thor; Thor <- Hela; Venom <- Phoenix"
358,Groot,Hela,Jeff the Land Shark,Loki,Phoenix,Venom,Groot <- Jeff the Land Shark; Hela <- Venom; Jeff the Land Shark <- Venom; Loki <- Hela; Phoenix <- Hela; Venom <- Phoenix
359,Groot,Hela,Jeff the Land Shark,Phoenix,Rocket Raccoon,Venom,Groot <- Jeff the Land Shark; Hela <- Venom; Jeff the Land Shark <- Venom; Phoenix <- Hela; Rocket Raccoon <- Groot; Venom <- Phoenix
360,Groot,Hela,Jeff the Land Shark,Phoenix,Spider-Man,Venom,Groot <- Jeff the Land Shark; Hela <- Venom; Jeff the Land Shark <- Venom; Phoenix <- Hela; Spider-Man <- Venom; Venom <- Phoenix
361,Groot,Hela,Jeff the Land Shark,Phoenix,Star-Lord,Venom,Groot <- Jeff the Land Shark; Hela <- Venom; Jeff the Land Shark <- Venom; Phoenix <- Hela; Star-Lord <- Groot; Venom <- Phoenix
362,Groot,Hela,Jeff the Land Shark,Phoenix,Storm,Venom,Groot <- Jeff the Land Shark; Hela <- Venom; Jeff the Land Shark <- Venom; Phoenix <- Hela; Storm <- Jeff the Land Shark; Venom <- Phoenix
363,Groot,Hela,Jeff the Land Shark,Phoenix,Thor,Venom,Groot <- Jeff the Land Shark; Hela <- Venom; Jeff the Land Shark <- Venom; Phoenix <- Hela; Thor <- Hela; Venom <- Phoenix
364,Groot,Hela,Mantis,Phoenix,Star-Lord,Venom,Groot <- Mantis; Hela <- Venom; Mantis <- Star-Lord; Phoenix <- Hela; Star-Lord <- Groot; Venom <- Phoenix
365,Groot,Invisible Woman,Mantis,Mister Fantastic,Rocket Raccoon,Star-Lord,Groot <- Mantis; Invisible Woman <- Mister Fantastic; Mantis <- Star-Lord; Mister Fantastic <- Rocket Raccoon; Rocket Raccoon <- Groot; Star-Lord <- Groot
366,Groot,Invisible Woman,Mantis,Mister Fantastic,Star-Lord,The Thing,Groot <- Mantis; Invisible Woman <- Mister Fantastic; Mantis <- Star-Lord; Mister Fantastic <- The Thing; Star-Lord <- Groot; The Thing <- Invisible Woman
367,Groot,Jubilee,Mantis,Scarlet Witch,Star-Lord,The Hood,Groot <- Mantis; Jubilee <- The Hood; Mantis <- Star-Lord; Scarlet Witch <- Jubilee; Star-Lord <- Groot; The Hood <- Scarlet Witch
368,Groot,Loki,Mantis,Mister Fantastic,Rocket Raccoon,Star-Lord,Groot <- Mantis; Loki <- Mantis; Mantis <- Star-Lord; Mister Fantastic <- Rocket Raccoon; Rocket Raccoon <- Groot; Star-Lord <- Groot
369,Groot,Loki,Mantis,Peni Parker,Rocket Raccoon,Star-Lord,Groot <- Mantis; Loki <- Mantis; Mantis <- Star-Lord; Peni Parker <- Rocket Raccoon; Rocket Raccoon <- Groot; Star-Lord <- Groot
370,Groot,Loki,Mantis,Rocket Raccoon,Star-Lord,The Punisher,Groot <- Mantis; Loki <- Mantis; Mantis <- Star-Lord; Rocket Raccoon <- Groot; Star-Lord <- Groot; The Punisher <- Rocket Raccoon
371,Groot,Mantis,Mister Fantastic,Peni Parker,Rocket Raccoon,Star-Lord,Groot <- Mantis; Mantis <- Star-Lord; Mister Fantastic <- Rocket Raccoon; Peni Parker <- Rocket Raccoon; Rocket Raccoon <- Groot; Star-Lord <- Groot
372,Groot,Mantis,Mister Fantastic,Rocket Raccoon,Star-Lord,The Punisher,Groot <- Mantis; Mantis <- Star-Lord; Mister Fantastic <- Rocket Raccoon; Rocket Raccoon <- Groot; Star-Lord <- Groot; The Punisher <- Rocket Raccoon
373,Groot,Mantis,Peni Parker,Rocket Raccoon,Spider-Man,Star-Lord,Groot <- Mantis; Mantis <- Star-Lord; Peni Parker <- Rocket Raccoon; Rocket Raccoon <- Groot; Spider-Man <- Peni Parker; Star-Lord <- Groot
374,Groot,Mantis,Peni Parker,Rocket Raccoon,Star-Lord,The Punisher,Groot <- Mantis; Mantis <- Star-Lord; Peni Parker <- Rocket Raccoon; Rocket Raccoon <- Groot; Star-Lord <- Groot; The Punisher <- Rocket Raccoon
375,Groot,Mantis,Peni Parker,Rocket Raccoon,Star-Lord,Ultron,Groot <- Mantis; Mantis <- Star-Lord; Peni Parker <- Rocket Raccoon; Rocket Raccoon <- Groot; Star-Lord <- Groot; Ultron <- Peni Parker
376,Groot,Mantis,Rocket Raccoon,Star-Lord,The Punisher,Winter Soldier,Groot <- Mantis; Mantis <- Star-Lord; Rocket Raccoon <- Groot; Star-Lord <- Groot; The Punisher <- Rocket Raccoon; Winter Soldier <- The Punisher
377,Hela,Human Torch,Jeff the Land Shark,Phoenix,Storm,Venom,Hela <- Venom; Human Torch <- Storm; Jeff the Land Shark <- Venom; Phoenix <- Hela; Storm <- Jeff the Land Shark; Venom <- Phoenix
378,Hela,Human Torch,Phoenix,Storm,Thor,Venom,Hela <- Venom; Human Torch <- Storm; Phoenix <- Hela; Storm <- Thor; Thor <- Hela; Venom <- Phoenix
379,Hela,Invisible Woman,Mister Fantastic,Phoenix,The Thing,Venom,Hela <- Venom; Invisible Woman <- Mister Fantastic; Mister Fantastic <- The Thing; Phoenix <- Hela; The Thing <- Invisible Woman; Venom <- Phoenix
380,Hela,Iron Man,Jeff the Land Shark,Phoenix,Thor,Venom,Hela <- Venom; Iron Man <- Thor; Jeff the Land Shark <- Venom; Phoenix <- Hela; Thor <- Hela; Venom <- Phoenix
381,Hela,Iron Man,Loki,Phoenix,Thor,Venom,Hela <- Venom; Iron Man <- Thor; Loki <- Hela; Phoenix <- Hela; Thor <- Hela; Venom <- Phoenix
382,Hela,Iron Man,Phoenix,Spider-Man,Thor,Venom,Hela <- Venom; Iron Man <- Thor; Phoenix <- Hela; Spider-Man <- Venom; Thor <- Hela; Venom <- Phoenix
383,Hela,Iron Man,Phoenix,Squirrel Girl,Thor,Venom,Hela <- Venom; Iron Man <- Thor; Phoenix <- Hela; Squirrel Girl <- Iron Man; Thor <- Hela; Venom <- Phoenix
384,Hela,Iron Man,Phoenix,Storm,Thor,Venom,Hela <- Venom; Iron Man <- Thor; Phoenix <- Hela; Storm <- Thor; Thor <- Hela; Venom <- Phoenix
385,Hela,Iron Man,Phoenix,Thor,Ultron,Venom,Hela <- Venom; Iron Man <- Thor; Phoenix <- Hela; Thor <- Hela; Ultron <- Iron Man; Venom <- Phoenix
386,Hela,Jeff the Land Shark,Loki,Phoenix,Spider-Man,Venom,Hela <- Venom; Jeff the Land Shark <- Venom; Loki <- Hela; Phoenix <- Hela; Spider-Man <- Venom; Venom <- Phoenix
387,Hela,Jeff the Land Shark,Loki,Phoenix,Storm,Venom,Hela <- Venom; Jeff the Land Shark <- Venom; Loki <- Hela; Phoenix <- Hela; Storm <- Jeff the Land Shark; Venom <- Phoenix
388,Hela,Jeff the Land Shark,Loki,Phoenix,Thor,Venom,Hela <- Venom; Jeff the Land Shark <- Venom; Loki <- Hela; Phoenix <- Hela; Thor <- Hela; Venom <- Phoenix
389,Hela,Jeff the Land Shark,Phoenix,Spider-Man,Squirrel Girl,Venom,Hela <- Venom; Jeff the Land Shark <- Venom; Phoenix <- Hela; Spider-Man <- Venom; Squirrel Girl <- Spider-Man; Venom <- Phoenix
390,Hela,Jeff the Land Shark,Phoenix,Spider-Man,Storm,Venom,Hela <- Venom; Jeff the Land Shark <- Venom; Phoenix <- Hela; Spider-Man <- Venom; Storm <- Jeff the Land Shark; Venom <- Phoenix
391,Hela,Jeff the Land Shark,Phoenix,Spider-Man,Thor,Venom,Hela <- Venom; Jeff the Land Shark <- Venom; Phoenix <- Hela; Spider-Man <- Venom; Thor <- Hela; Venom <- Phoenix
392,Hela,Jeff the Land Shark,Phoenix,Storm,Thor,Venom,"Hela <- Venom; Jeff the Land Shark <- Venom; Phoenix <- Hela; Storm <- Jeff the Land Shark, Thor; Thor <- Hela; Venom <- Phoenix"
393,Hela,Jubilee,Phoenix,Scarlet Witch,The Hood,Venom,Hela <- Venom; Jubilee <- The Hood; Phoenix <- Hela; Scarlet Witch <- Jubilee; The Hood <- Scarlet Witch; Venom <- Phoenix
394,Hela,Loki,Phoenix,Spider-Man,Squirrel Girl,Venom,Hela <- Venom; Loki <- Hela; Phoenix <- Hela; Spider-Man <- Venom; Squirrel Girl <- Spider-Man; Venom <- Phoenix
395,Hela,Loki,Phoenix,Spider-Man,Thor,Venom,Hela <- Venom; Loki <- Hela; Phoenix <- Hela; Spider-Man <- Venom; Thor <- Hela; Venom <- Phoenix
396,Hela,Loki,Phoenix,Storm,Thor,Venom,Hela <- Venom; Loki <- Hela; Phoenix <- Hela; Storm <- Thor; Thor <- Hela; Venom <- Phoenix
397,Hela,Phoenix,Rocket Raccoon,Spider-Man,Squirrel Girl,Venom,Hela <- Venom; Phoenix <- Hela; Rocket Raccoon <- Squirrel Girl; Spider-Man <- Venom; Squirrel Girl <- Spider-Man; Venom <- Phoenix
398,Hela,Phoenix,Spider-Man,Squirrel Girl,Thor,Venom,Hela <- Venom; Phoenix <- Hela; Spider-Man <- Venom; Squirrel Girl <- Spider-Man; Thor <- Hela; Venom <- Phoenix
399,Hela,Phoenix,Spider-Man,Storm,Thor,Venom,Hela <- Venom; Phoenix <- Hela; Spider-Man <- Venom; Storm <- Thor; Thor <- Hela; Venom <- Phoenix
400,Human Torch,Invisible Woman,Jubilee,Magik,Scarlet Witch,The Hood,Human Torch <- Jubilee; Invisible Woman <- Human Torch; Jubilee <- The Hood; Magik <- The Hood; Scarlet Witch <- Jubilee; The Hood <- Scarlet Witch
401,Human Torch,Invisible Woman,Jubilee,Magneto,Scarlet Witch,The Hood,Human Torch <- Jubilee; Invisible Woman <- Human Torch; Jubilee <- The Hood; Magneto <- Scarlet Witch; Scarlet Witch <- Jubilee; The Hood <- Scarlet Witch
402,Human Torch,Invisible Woman,Jubilee,Scarlet Witch,The Hood,The Thing,"Human Torch <- Jubilee; Invisible Woman <- Human Torch; Jubilee <- The Hood; Scarlet Witch <- Jubilee; The Hood <- Scarlet Witch; The Thing <- Human Torch, Invisible Woman"
403,Human Torch,Iron Fist,Jubilee,Scarlet Witch,The Hood,The Thing,Human Torch <- Jubilee; Iron Fist <- The Thing; Jubilee <- The Hood; Scarlet Witch <- Jubilee; The Hood <- Scarlet Witch; The Thing <- Human Torch
404,Human Torch,Jubilee,Magik,Magneto,Scarlet Witch,The Hood,Human Torch <- Jubilee; Jubilee <- The Hood; Magik <- The Hood; Magneto <- Scarlet Witch; Scarlet Witch <- Jubilee; The Hood <- Scarlet Witch
405,Human Torch,Jubilee,Magik,Scarlet Witch,The Hood,The Thing,Human Torch <- Jubilee; Jubilee <- The Hood; Magik <- The Hood; Scarlet Witch <- Jubilee; The Hood <- Scarlet Witch; The Thing <- Human Torch
406,Human Torch,Jubilee,Magneto,Rogue,Scarlet Witch,The Hood,Human Torch <- Jubilee; Jubilee <- The Hood; Magneto <- Scarlet Witch; Rogue <- Magneto; Scarlet Witch <- Jubilee; The Hood <- Scarlet Witch
407,Human Torch,Jubilee,Magneto,Scarlet Witch,The Hood,The Thing,Human Torch <- Jubilee; Jubilee <- The Hood; Magneto <- Scarlet Witch; Scarlet Witch <- Jubilee; The Hood <- Scarlet Witch; The Thing <- Human Torch
408,Human Torch,Jubilee,Mister Fantastic,Scarlet Witch,The Hood,The Thing,Human Torch <- Jubilee; Jubilee <- The Hood; Mister Fantastic <- The Thing; Scarlet Witch <- Jubilee; The Hood <- Scarlet Witch; The Thing <- Human Torch
409,Invisible Woman,Jubilee,Mister Fantastic,Scarlet Witch,The Hood,The Thing,Invisible Woman <- Mister Fantastic; Jubilee <- The Hood; Mister Fantastic <- The Thing; Scarlet Witch <- Jubilee; The Hood <- Scarlet Witch; The Thing <- Invisible Woman
410,Invisible Woman,Mister Fantastic,Peni Parker,Rocket Raccoon,Spider-Man,Squirrel Girl,Invisible Woman <- Mister Fantastic; Mister Fantastic <- Rocket Raccoon; Peni Parker <- Rocket Raccoon; Rocket Raccoon <- Squirrel Girl; Spider-Man <- Peni Parker; Squirrel Girl <- Spider-Man
411,Jubilee,Magik,Magneto,Rogue,Scarlet Witch,The Hood,Jubilee <- The Hood; Magik <- The Hood; Magneto <- Scarlet Witch; Rogue <- Magneto; Scarlet Witch <- Jubilee; The Hood <- Scarlet Witch
412,Jubilee,Magneto,Phoenix,Rogue,Scarlet Witch,The Hood,Jubilee <- The Hood; Magneto <- Scarlet Witch; Phoenix <- Rogue; Rogue <- Magneto; Scarlet Witch <- Jubilee; The Hood <- Scarlet Witch
413,Mister Fantastic,Peni Parker,Rocket Raccoon,Spider-Man,Squirrel Girl,The Punisher,Mister Fantastic <- Rocket Raccoon; Peni Parker <- Rocket Raccoon; Rocket Raccoon <- Squirrel Girl; Spider-Man <- Peni Parker; Squirrel Girl <- Spider-Man; The Punisher <- Rocket Raccoon
414,Mister Fantastic,Peni Parker,Rocket Raccoon,Spider-Man,Squirrel Girl,Ultron,Mister Fantastic <- Rocket Raccoon; Peni Parker <- Rocket Raccoon; Rocket Raccoon <- Squirrel Girl; Spider-Man <- Peni Parker; Squirrel Girl <- Spider-Man; Ultron <- Peni Parker
415,Peni Parker,Rocket Raccoon,Spider-Man,Squirrel Girl,The Punisher,Ultron,Peni Parker <- Rocket Raccoon; Rocket Raccoon <- Squirrel Girl; Spider-Man <- Peni Parker; Squirrel Girl <- Spider-Man; The Punisher <- Rocket Raccoon; Ultron <- Peni Parker
416,Peni Parker,Rocket Raccoon,Spider-Man,Squirrel Girl,The Punisher,Winter Soldier,Peni Parker <- Rocket Raccoon; Rocket Raccoon <- Squirrel Girl; Spider-Man <- Peni Parker; Squirrel Girl <- Spider-Man; The Punisher <- Rocket Raccoon; Winter Soldier <- The Punisher
